sales_order_prefix,sales_order_number,sales_order_line,product_code,order_quantity,fulfilled_quantity,unit_price,line_total,fulfillment_status
SO,000001,1,PROD0007,22,22,248.16,5459.52,Complete
SO,000001,2,PROD0014,50,50,252.21,12610.5,Complete
SO,000002,1,PROD0054,50,50,1175.01,58750.5,Complete
SO,000003,1,PROD0006,50,50,995.1,49755.0,Complete
SO,000003,2,PROD0083,48,48,457.19,21945.12,Complete
SO,000003,3,PROD0059,47,47,839.19,39441.93,Complete
SO,000004,1,PROD0002,45,45,969.84,43642.8,Complete
SO,000004,2,PROD0008,41,41,732.12,30016.92,Complete
SO,000004,3,PROD0085,5,5,1122.47,5612.35,Complete
SO,000005,1,PROD0023,19,19,247.17,4696.23,Complete
SO,000005,2,PROD0077,16,16,290.82,4653.12,Complete
SO,000006,1,PROD0076,5,5,383.86,1919.3,Complete
SO,000007,1,PROD0014,23,23,252.21,5800.83,Complete
SO,000007,2,PROD0069,10,10,550.47,5504.7,Complete
SO,000007,3,PROD0021,36,36,387.18,13938.48,Complete
SO,000007,4,PROD0032,4,4,553.09,2212.36,Complete
SO,000008,1,PROD0004,2,0,300.85,601.7,Cancelled
SO,000008,2,PROD0058,14,0,538.92,7544.88,Cancelled
SO,000008,3,PROD0048,9,0,542.47,4882.23,Cancelled
SO,000008,4,PROD0123,15,0,782.18,11732.7,Cancelled
SO,000008,5,PROD0131,34,0,512.27,17417.18,Cancelled
SO,000009,1,PROD0121,20,20,611.07,12221.4,Complete
SO,000009,2,PROD0033,12,12,187.99,2255.88,Complete
SO,000009,3,PROD0010,31,31,269.5,8354.5,Complete
SO,000009,4,PROD0133,26,26,800.57,20814.82,Complete
SO,000010,1,PROD0057,49,0,299.94,14697.06,Cancelled
SO,000010,2,PROD0129,13,0,377.3,4904.9,Cancelled
SO,000010,3,PROD0010,48,0,269.5,12936.0,Cancelled
SO,000010,4,PROD0115,37,0,13.17,487.29,Cancelled
SO,000011,1,PROD0020,33,33,925.09,30527.97,Complete
SO,000012,1,PROD0006,46,46,995.1,45774.6,Complete
SO,000012,2,PROD0044,14,14,793.98,11115.72,Complete
SO,000012,3,PROD0028,47,47,516.03,24253.41,Complete
SO,000012,4,PROD0080,24,24,539.45,12946.8,Complete
SO,000012,5,PROD0013,17,17,743.44,12638.48,Complete
SO,000013,1,PROD0047,21,21,292.64,6145.44,Complete
SO,000013,2,PROD0126,37,37,453.55,16781.35,Complete
SO,000013,3,PROD0010,39,39,269.5,10510.5,Complete
SO,000013,4,PROD0102,1,1,566.16,566.16,Complete
SO,000014,1,PROD0116,4,4,177.76,711.04,Complete
SO,000014,2,PROD0005,34,34,524.88,17845.92,Complete
SO,000014,3,PROD0146,33,33,295.21,9741.93,Complete
SO,000015,1,PROD0141,10,0,825.78,8257.8,Cancelled
SO,000015,2,PROD0094,30,0,279.93,8397.9,Cancelled
SO,000016,1,PROD0149,16,0,260.6,4169.6,Cancelled
SO,000017,1,PROD0086,19,19,261.04,4959.76,Complete
SO,000017,2,PROD0069,40,40,550.47,22018.8,Complete
SO,000017,3,PROD0057,5,5,299.94,1499.7,Complete
SO,000018,1,PROD0007,12,0,248.16,2977.92,Cancelled
SO,000018,2,PROD0094,28,0,279.93,7838.04,Cancelled
SO,000018,3,PROD0106,23,0,834.68,19197.64,Cancelled
SO,000018,4,PROD0114,1,0,808.26,808.26,Cancelled
SO,000019,1,PROD0054,16,16,1175.01,18800.16,Complete
SO,000019,2,PROD0130,40,40,272.41,10896.4,Complete
SO,000019,3,PROD0127,7,7,421.9,2953.3,Complete
SO,000020,1,PROD0102,46,46,566.16,26043.36,Complete
SO,000020,2,PROD0113,46,46,423.21,19467.66,Complete
SO,000020,3,PROD0059,32,32,839.19,26854.08,Complete
SO,000021,1,PROD0082,27,27,708.51,19129.77,Complete
SO,000021,2,PROD0125,44,44,27.31,1201.64,Complete
SO,000021,3,PROD0111,40,40,276.72,11068.8,Complete
SO,000021,4,PROD0131,49,49,512.27,25101.23,Complete
SO,000022,1,PROD0118,14,0,13.0,182.0,Cancelled
SO,000022,2,PROD0126,26,0,453.55,11792.3,Cancelled
SO,000022,3,PROD0138,28,0,818.63,22921.64,Cancelled
SO,000023,1,PROD0050,4,4,685.14,2740.56,Complete
SO,000023,2,PROD0085,13,13,1122.47,14592.11,Complete
SO,000023,3,PROD0066,25,25,16.1,402.5,Complete
SO,000023,4,PROD0027,36,36,313.91,11300.76,Complete
SO,000024,1,PROD0061,12,0,436.02,5232.24,Cancelled
SO,000024,2,PROD0032,16,0,553.09,8849.44,Cancelled
SO,000024,3,PROD0051,12,0,554.73,6656.76,Cancelled
SO,000024,4,PROD0040,23,0,22.67,521.41,Cancelled
SO,000025,1,PROD0090,47,47,625.57,29401.79,Complete
SO,000025,2,PROD0086,48,48,261.04,12529.92,Complete
SO,000026,1,PROD0068,19,0,582.64,11070.16,Cancelled
SO,000026,2,PROD0070,44,0,415.85,18297.4,Cancelled
SO,000026,3,PROD0047,46,0,292.64,13461.44,Cancelled
SO,000026,4,PROD0061,10,0,436.02,4360.2,Cancelled
SO,000027,1,PROD0120,49,0,124.85,6117.65,Cancelled
SO,000028,1,PROD0119,49,0,915.81,44874.69,Cancelled
SO,000028,2,PROD0009,48,0,20.71,994.08,Cancelled
SO,000029,1,PROD0054,15,15,1175.01,17625.15,Complete
SO,000029,2,PROD0044,40,40,793.98,31759.2,Complete
SO,000029,3,PROD0066,40,40,16.1,644.0,Complete
SO,000029,4,PROD0108,33,33,462.28,15255.24,Complete
SO,000030,1,PROD0142,43,0,371.83,15988.69,Cancelled
SO,000030,2,PROD0024,13,0,243.91,3170.83,Cancelled
SO,000030,3,PROD0096,11,0,787.32,8660.52,Cancelled
SO,000031,1,PROD0087,6,6,467.36,2804.16,Complete
SO,000031,2,PROD0131,22,22,512.27,11269.94,Complete
SO,000031,3,PROD0032,6,6,553.09,3318.54,Complete
SO,000032,1,PROD0148,21,21,224.77,4720.17,Complete
SO,000033,1,PROD0137,28,0,592.35,16585.8,Cancelled
SO,000034,1,PROD0114,3,3,808.26,2424.78,Complete
SO,000034,2,PROD0090,38,38,625.57,23771.66,Complete
SO,000034,3,PROD0018,12,12,554.02,6648.24,Complete
SO,000035,1,PROD0122,3,0,1079.44,3238.32,Cancelled
SO,000035,2,PROD0124,21,0,112.97,2372.37,Cancelled
SO,000035,3,PROD0138,39,0,818.63,31926.57,Cancelled
SO,000036,1,PROD0003,39,39,744.36,29030.04,Complete
SO,000037,1,PROD0063,1,1,634.93,634.93,Complete
SO,000037,2,PROD0002,17,17,969.84,16487.28,Complete
SO,000037,3,PROD0043,44,44,44.75,1969.0,Complete
SO,000037,4,PROD0023,38,38,247.17,9392.46,Complete
SO,000038,1,PROD0131,16,16,512.27,8196.32,Complete
SO,000038,2,PROD0144,32,32,1025.18,32805.76,Complete
SO,000038,3,PROD0036,13,13,127.05,1651.65,Complete
SO,000038,4,PROD0123,33,33,782.18,25811.94,Complete
SO,000038,5,PROD0092,16,16,158.31,2532.96,Complete
SO,000039,1,PROD0066,27,27,16.1,434.7,Complete
SO,000039,2,PROD0047,2,2,292.64,585.28,Complete
SO,000039,3,PROD0150,47,47,24.79,1165.13,Complete
SO,000040,1,PROD0132,40,0,565.62,22624.8,Cancelled
SO,000040,2,PROD0098,5,0,441.85,2209.25,Cancelled
SO,000041,1,PROD0133,31,0,800.57,24817.67,Cancelled
SO,000041,2,PROD0124,3,0,112.97,338.91,Cancelled
SO,000041,3,PROD0145,50,0,313.21,15660.5,Cancelled
SO,000042,1,PROD0059,30,30,839.19,25175.7,Complete
SO,000043,1,PROD0001,33,33,679.21,22413.93,Complete
SO,000043,2,PROD0009,33,33,20.71,683.43,Complete
SO,000043,3,PROD0063,42,42,634.93,26667.06,Complete
SO,000043,4,PROD0054,32,32,1175.01,37600.32,Complete
SO,000043,5,PROD0140,45,45,568.59,25586.55,Complete
SO,000044,1,PROD0104,13,13,157.23,2043.99,Complete
SO,000044,2,PROD0006,16,16,995.1,15921.6,Complete
SO,000044,3,PROD0097,10,10,307.87,3078.7,Complete
SO,000044,4,PROD0007,42,42,248.16,10422.72,Complete
SO,000044,5,PROD0133,29,29,800.57,23216.53,Complete
SO,000045,1,PROD0040,2,2,22.67,45.34,Complete
SO,000045,2,PROD0104,31,31,157.23,4874.13,Complete
SO,000046,1,PROD0085,37,0,1122.47,41531.39,Cancelled
SO,000046,2,PROD0072,15,0,238.49,3577.35,Cancelled
SO,000046,3,PROD0075,22,0,528.39,11624.58,Cancelled
SO,000046,4,PROD0117,40,0,224.96,8998.4,Cancelled
SO,000047,1,PROD0111,40,40,276.72,11068.8,Complete
SO,000047,2,PROD0150,41,41,24.79,1016.39,Complete
SO,000047,3,PROD0031,13,13,771.6,10030.8,Complete
SO,000047,4,PROD0088,10,10,36.78,367.8,Complete
SO,000047,5,PROD0115,1,1,13.17,13.17,Complete
SO,000048,1,PROD0004,49,49,300.85,14741.65,Complete
SO,000048,2,PROD0103,12,12,975.39,11704.68,Complete
SO,000048,3,PROD0071,23,23,1073.21,24683.83,Complete
SO,000049,1,PROD0100,48,48,57.93,2780.64,Complete
SO,000049,2,PROD0007,11,11,248.16,2729.76,Complete
SO,000049,3,PROD0019,37,37,308.52,11415.24,Complete
SO,000049,4,PROD0036,31,31,127.05,3938.55,Complete
SO,000049,5,PROD0095,10,10,959.62,9596.2,Complete
SO,000050,1,PROD0123,48,48,782.18,37544.64,Complete
SO,000050,2,PROD0072,49,49,238.49,11686.01,Complete
SO,000051,1,PROD0112,14,14,27.56,385.84,Complete
SO,000051,2,PROD0116,23,23,177.76,4088.48,Complete
SO,000052,1,PROD0025,15,15,201.25,3018.75,Complete
SO,000052,2,PROD0082,45,45,708.51,31882.95,Complete
SO,000052,3,PROD0042,4,4,490.49,1961.96,Complete
SO,000053,1,PROD0087,35,35,467.36,16357.6,Complete
SO,000053,2,PROD0022,47,47,413.99,19457.53,Complete
SO,000053,3,PROD0072,42,42,238.49,10016.58,Complete
SO,000053,4,PROD0058,49,49,538.92,26407.08,Complete
SO,000054,1,PROD0034,9,9,726.57,6539.13,Complete
SO,000054,2,PROD0107,26,26,568.83,14789.58,Complete
SO,000055,1,PROD0096,17,17,787.32,13384.44,Complete
SO,000055,2,PROD0091,25,25,201.4,5035.0,Complete
SO,000055,3,PROD0032,13,13,553.09,7190.17,Complete
SO,000055,4,PROD0136,41,41,73.64,3019.24,Complete
SO,000056,1,PROD0113,39,39,423.21,16505.19,Complete
SO,000056,2,PROD0135,23,23,805.95,18536.85,Complete
SO,000056,3,PROD0037,5,5,1012.52,5062.6,Complete
SO,000056,4,PROD0077,21,21,290.82,6107.22,Complete
SO,000056,5,PROD0070,21,21,415.85,8732.85,Complete
SO,000057,1,PROD0044,34,34,793.98,26995.32,Complete
SO,000057,2,PROD0144,44,44,1025.18,45107.92,Complete
SO,000057,3,PROD0052,4,4,607.53,2430.12,Complete
SO,000057,4,PROD0069,39,39,550.47,21468.33,Complete
SO,000058,1,PROD0142,1,0,371.83,371.83,Cancelled
SO,000059,1,PROD0057,5,0,299.94,1499.7,Cancelled
SO,000059,2,PROD0005,42,0,524.88,22044.96,Cancelled
SO,000060,1,PROD0116,46,46,177.76,8176.96,Complete
SO,000060,2,PROD0089,49,49,835.55,40941.95,Complete
SO,000060,3,PROD0080,2,2,539.45,1078.9,Complete
SO,000061,1,PROD0028,18,18,516.03,9288.54,Complete
SO,000061,2,PROD0054,39,39,1175.01,45825.39,Complete
SO,000061,3,PROD0059,28,28,839.19,23497.32,Complete
SO,000062,1,PROD0142,37,37,371.83,13757.71,Complete
SO,000062,2,PROD0100,21,21,57.93,1216.53,Complete
SO,000063,1,PROD0092,11,0,158.31,1741.41,Cancelled
SO,000063,2,PROD0018,48,0,554.02,26592.96,Cancelled
SO,000063,3,PROD0059,30,0,839.19,25175.7,Cancelled
SO,000063,4,PROD0067,29,0,477.77,13855.33,Cancelled
SO,000063,5,PROD0102,3,0,566.16,1698.48,Cancelled
SO,000064,1,PROD0117,42,0,224.96,9448.32,Cancelled
SO,000065,1,PROD0058,13,13,538.92,7005.96,Complete
SO,000066,1,PROD0142,24,24,371.83,8923.92,Complete
SO,000066,2,PROD0058,26,26,538.92,14011.92,Complete
SO,000066,3,PROD0057,45,45,299.94,13497.3,Complete
SO,000067,1,PROD0008,12,12,732.12,8785.44,Complete
SO,000067,2,PROD0147,13,13,809.7,10526.1,Complete
SO,000067,3,PROD0069,46,46,550.47,25321.62,Complete
SO,000067,4,PROD0060,45,45,72.36,3256.2,Complete
SO,000068,1,PROD0066,5,5,16.1,80.5,Complete
SO,000068,2,PROD0148,33,33,224.77,7417.41,Complete
SO,000068,3,PROD0090,25,25,625.57,15639.25,Complete
SO,000068,4,PROD0044,41,41,793.98,32553.18,Complete
SO,000069,1,PROD0024,28,0,243.91,6829.48,Cancelled
SO,000069,2,PROD0089,12,0,835.55,10026.6,Cancelled
SO,000069,3,PROD0116,31,0,177.76,5510.56,Cancelled
SO,000069,4,PROD0080,16,0,539.45,8631.2,Cancelled
SO,000070,1,PROD0120,31,0,124.85,3870.35,Cancelled
SO,000070,2,PROD0113,23,0,423.21,9733.83,Cancelled
SO,000070,3,PROD0132,16,0,565.62,9049.92,Cancelled
SO,000070,4,PROD0084,37,0,541.21,20024.77,Cancelled
SO,000071,1,PROD0064,41,41,536.5,21996.5,Complete
SO,000071,2,PROD0087,13,13,467.36,6075.68,Complete
SO,000071,3,PROD0043,10,10,44.75,447.5,Complete
SO,000071,4,PROD0117,22,22,224.96,4949.12,Complete
SO,000072,1,PROD0099,9,0,1018.85,9169.65,Cancelled
SO,000072,2,PROD0039,30,0,643.21,19296.3,Cancelled
SO,000072,3,PROD0078,38,0,289.07,10984.66,Cancelled
SO,000073,1,PROD0071,2,2,1073.21,2146.42,Complete
SO,000073,2,PROD0039,20,20,643.21,12864.2,Complete
SO,000073,3,PROD0136,10,10,73.64,736.4,Complete
SO,000073,4,PROD0056,38,38,625.02,23750.76,Complete
SO,000073,5,PROD0135,4,4,805.95,3223.8,Complete
SO,000074,1,PROD0099,42,42,1018.85,42791.7,Complete
SO,000074,2,PROD0055,2,2,537.86,1075.72,Complete
SO,000075,1,PROD0078,30,30,289.07,8672.1,Complete
SO,000075,2,PROD0052,32,32,607.53,19440.96,Complete
SO,000075,3,PROD0111,26,26,276.72,7194.72,Complete
SO,000075,4,PROD0099,24,24,1018.85,24452.4,Complete
SO,000075,5,PROD0113,30,30,423.21,12696.3,Complete
SO,000076,1,PROD0145,3,3,313.21,939.63,Complete
SO,000076,2,PROD0026,48,48,252.68,12128.64,Complete
SO,000076,3,PROD0015,50,50,588.05,29402.5,Complete
SO,000076,4,PROD0047,7,7,292.64,2048.48,Complete
SO,000077,1,PROD0021,44,44,387.18,17035.92,Complete
SO,000077,2,PROD0095,22,22,959.62,21111.64,Complete
SO,000077,3,PROD0028,31,31,516.03,15996.93,Complete
SO,000078,1,PROD0108,40,40,462.28,18491.2,Complete
SO,000078,2,PROD0020,44,44,925.09,40703.96,Complete
SO,000078,3,PROD0133,16,16,800.57,12809.12,Complete
SO,000079,1,PROD0106,33,33,834.68,27544.44,Complete
SO,000080,1,PROD0093,47,47,696.91,32754.77,Complete
SO,000080,2,PROD0030,13,13,998.86,12985.18,Complete
SO,000080,3,PROD0032,14,14,553.09,7743.26,Complete
SO,000081,1,PROD0009,9,9,20.71,186.39,Complete
SO,000082,1,PROD0129,10,10,377.3,3773.0,Complete
SO,000082,2,PROD0132,45,45,565.62,25452.9,Complete
SO,000082,3,PROD0105,9,9,737.99,6641.91,Complete
SO,000082,4,PROD0119,3,3,915.81,2747.43,Complete
SO,000083,1,PROD0001,2,2,679.21,1358.42,Complete
SO,000084,1,PROD0043,27,27,44.75,1208.25,Complete
SO,000084,2,PROD0108,12,12,462.28,5547.36,Complete
SO,000084,3,PROD0125,35,35,27.31,955.85,Complete
SO,000085,1,PROD0018,49,49,554.02,27146.98,Complete
SO,000085,2,PROD0080,19,19,539.45,10249.55,Complete
SO,000086,1,PROD0102,9,9,566.16,5095.44,Complete
SO,000086,2,PROD0121,7,7,611.07,4277.49,Complete
SO,000086,3,PROD0062,32,32,242.09,7746.88,Complete
SO,000086,4,PROD0078,27,27,289.07,7804.89,Complete
SO,000086,5,PROD0150,36,36,24.79,892.44,Complete
SO,000087,1,PROD0114,6,6,808.26,4849.56,Complete
SO,000087,2,PROD0051,25,25,554.73,13868.25,Complete
SO,000087,3,PROD0061,24,24,436.02,10464.48,Complete
SO,000087,4,PROD0050,11,11,685.14,7536.54,Complete
SO,000087,5,PROD0063,8,8,634.93,5079.44,Complete
SO,000088,1,PROD0107,10,0,568.83,5688.3,Cancelled
SO,000088,2,PROD0135,42,0,805.95,33849.9,Cancelled
SO,000089,1,PROD0013,41,41,743.44,30481.04,Complete
SO,000089,2,PROD0056,10,10,625.02,6250.2,Complete
SO,000090,1,PROD0005,30,0,524.88,15746.4,Cancelled
SO,000091,1,PROD0023,34,34,247.17,8403.78,Complete
SO,000091,2,PROD0062,43,43,242.09,10409.87,Complete
SO,000091,3,PROD0076,49,49,383.86,18809.14,Complete
SO,000091,4,PROD0133,42,42,800.57,33623.94,Complete
SO,000092,1,PROD0035,36,0,347.66,12515.76,Cancelled
SO,000092,2,PROD0056,30,0,625.02,18750.6,Cancelled
SO,000092,3,PROD0149,33,0,260.6,8599.8,Cancelled
SO,000093,1,PROD0080,45,45,539.45,24275.25,Complete
SO,000094,1,PROD0120,43,0,124.85,5368.55,Cancelled
SO,000094,2,PROD0085,3,0,1122.47,3367.41,Cancelled
SO,000095,1,PROD0082,45,45,708.51,31882.95,Complete
SO,000095,2,PROD0011,21,21,113.83,2390.43,Complete
SO,000095,3,PROD0080,2,2,539.45,1078.9,Complete
SO,000095,4,PROD0100,22,22,57.93,1274.46,Complete
SO,000095,5,PROD0048,1,1,542.47,542.47,Complete
SO,000096,1,PROD0048,47,47,542.47,25496.09,Complete
SO,000096,2,PROD0092,25,25,158.31,3957.75,Complete
SO,000097,1,PROD0127,2,0,421.9,843.8,Cancelled
SO,000097,2,PROD0124,8,0,112.97,903.76,Cancelled
SO,000097,3,PROD0056,2,0,625.02,1250.04,Cancelled
SO,000098,1,PROD0033,38,38,187.99,7143.62,Complete
SO,000098,2,PROD0058,36,36,538.92,19401.12,Complete
SO,000098,3,PROD0141,17,17,825.78,14038.26,Complete
SO,000098,4,PROD0002,38,38,969.84,36853.92,Complete
SO,000098,5,PROD0117,41,41,224.96,9223.36,Complete
SO,000099,1,PROD0017,45,45,1132.81,50976.45,Complete
SO,000099,2,PROD0123,37,37,782.18,28940.66,Complete
SO,000099,3,PROD0150,24,24,24.79,594.96,Complete
SO,000099,4,PROD0058,26,26,538.92,14011.92,Complete
SO,000100,1,PROD0088,25,25,36.78,919.5,Complete
SO,000100,2,PROD0062,36,36,242.09,8715.24,Complete
SO,000100,3,PROD0077,48,48,290.82,13959.36,Complete
SO,000100,4,PROD0134,31,31,31.21,967.51,Complete
SO,000100,5,PROD0081,6,6,790.13,4740.78,Complete
SO,000101,1,PROD0009,21,21,20.71,434.91,Complete
SO,000101,2,PROD0024,24,24,243.91,5853.84,Complete
SO,000101,3,PROD0051,2,2,554.73,1109.46,Complete
SO,000102,1,PROD0070,11,0,415.85,4574.35,Cancelled
SO,000102,2,PROD0141,34,0,825.78,28076.52,Cancelled
SO,000102,3,PROD0038,50,0,466.02,23301.0,Cancelled
SO,000102,4,PROD0012,8,0,610.72,4885.76,Cancelled
SO,000103,1,PROD0125,42,0,27.31,1147.02,Cancelled
SO,000103,2,PROD0112,43,0,27.56,1185.08,Cancelled
SO,000103,3,PROD0031,10,0,771.6,7716.0,Cancelled
SO,000104,1,PROD0003,30,0,744.36,22330.8,Cancelled
SO,000104,2,PROD0085,49,0,1122.47,55001.03,Cancelled
SO,000104,3,PROD0020,39,0,925.09,36078.51,Cancelled
SO,000105,1,PROD0064,41,0,536.5,21996.5,Cancelled
SO,000105,2,PROD0036,44,0,127.05,5590.2,Cancelled
SO,000105,3,PROD0062,46,0,242.09,11136.14,Cancelled
SO,000106,1,PROD0130,2,0,272.41,544.82,Cancelled
SO,000106,2,PROD0124,5,0,112.97,564.85,Cancelled
SO,000107,1,PROD0064,22,22,536.5,11803.0,Complete
SO,000107,2,PROD0025,38,38,201.25,7647.5,Complete
SO,000108,1,PROD0009,3,3,20.71,62.13,Complete
SO,000109,1,PROD0033,22,22,187.99,4135.78,Complete
SO,000109,2,PROD0100,15,15,57.93,868.95,Complete
SO,000110,1,PROD0123,23,23,782.18,17990.14,Complete
SO,000110,2,PROD0016,44,44,500.65,22028.6,Complete
SO,000110,3,PROD0005,17,17,524.88,8922.96,Complete
SO,000110,4,PROD0085,12,12,1122.47,13469.64,Complete
SO,000111,1,PROD0044,32,32,793.98,25407.36,Complete
SO,000111,2,PROD0038,49,49,466.02,22834.98,Complete
SO,000112,1,PROD0138,43,0,818.63,35201.09,Cancelled
SO,000112,2,PROD0075,11,0,528.39,5812.29,Cancelled
SO,000113,1,PROD0096,47,47,787.32,37004.04,Complete
SO,000113,2,PROD0130,31,31,272.41,8444.71,Complete
SO,000113,3,PROD0136,45,45,73.64,3313.8,Complete
SO,000113,4,PROD0133,24,24,800.57,19213.68,Complete
SO,000113,5,PROD0110,13,13,424.15,5513.95,Complete
SO,000114,1,PROD0022,47,47,413.99,19457.53,Complete
SO,000114,2,PROD0094,4,4,279.93,1119.72,Complete
SO,000115,1,PROD0144,7,7,1025.18,7176.26,Complete
SO,000115,2,PROD0098,50,50,441.85,22092.5,Complete
SO,000116,1,PROD0068,26,26,582.64,15148.64,Complete
SO,000116,2,PROD0106,25,25,834.68,20867.0,Complete
SO,000116,3,PROD0131,41,41,512.27,21003.07,Complete
SO,000116,4,PROD0003,44,44,744.36,32751.84,Complete
SO,000117,1,PROD0077,48,48,290.82,13959.36,Complete
SO,000118,1,PROD0057,23,23,299.94,6898.62,Complete
SO,000118,2,PROD0018,14,14,554.02,7756.28,Complete
SO,000119,1,PROD0133,36,36,800.57,28820.52,Complete
SO,000119,2,PROD0105,24,24,737.99,17711.76,Complete
SO,000119,3,PROD0065,7,7,576.87,4038.09,Complete
SO,000119,4,PROD0044,36,36,793.98,28583.28,Complete
SO,000120,1,PROD0040,3,3,22.67,68.01,Complete
SO,000120,2,PROD0027,40,40,313.91,12556.4,Complete
SO,000120,3,PROD0111,30,30,276.72,8301.6,Complete
SO,000120,4,PROD0131,3,3,512.27,1536.81,Complete
SO,000120,5,PROD0031,3,3,771.6,2314.8,Complete
SO,000121,1,PROD0146,21,21,295.21,6199.41,Complete
SO,000121,2,PROD0116,45,45,177.76,7999.2,Complete
SO,000121,3,PROD0144,21,21,1025.18,21528.78,Complete
SO,000122,1,PROD0082,9,9,708.51,6376.59,Complete
SO,000122,2,PROD0034,29,29,726.57,21070.53,Complete
SO,000122,3,PROD0086,33,33,261.04,8614.32,Complete
SO,000123,1,PROD0002,26,26,969.84,25215.84,Complete
SO,000123,2,PROD0122,30,30,1079.44,32383.2,Complete
SO,000123,3,PROD0120,6,6,124.85,749.1,Complete
SO,000123,4,PROD0078,50,50,289.07,14453.5,Complete
SO,000123,5,PROD0111,41,41,276.72,11345.52,Complete
SO,000124,1,PROD0128,8,0,338.79,2710.32,Cancelled
SO,000124,2,PROD0024,24,0,243.91,5853.84,Cancelled
SO,000124,3,PROD0144,32,0,1025.18,32805.76,Cancelled
SO,000124,4,PROD0011,38,0,113.83,4325.54,Cancelled
SO,000124,5,PROD0077,39,0,290.82,11341.98,Cancelled
SO,000125,1,PROD0125,8,8,27.31,218.48,Complete
SO,000125,2,PROD0051,4,4,554.73,2218.92,Complete
SO,000125,3,PROD0130,35,35,272.41,9534.35,Complete
SO,000126,1,PROD0052,50,50,607.53,30376.5,Complete
SO,000126,2,PROD0140,12,12,568.59,6823.08,Complete
SO,000126,3,PROD0141,14,14,825.78,11560.92,Complete
SO,000127,1,PROD0071,17,17,1073.21,18244.57,Complete
SO,000127,2,PROD0138,8,8,818.63,6549.04,Complete
SO,000128,1,PROD0103,42,42,975.39,40966.38,Complete
SO,000128,2,PROD0005,24,24,524.88,12597.12,Complete
SO,000129,1,PROD0128,25,25,338.79,8469.75,Complete
SO,000130,1,PROD0089,30,30,835.55,25066.5,Complete
SO,000130,2,PROD0139,7,7,193.44,1354.08,Complete
SO,000130,3,PROD0040,32,32,22.67,725.44,Complete
SO,000130,4,PROD0133,1,1,800.57,800.57,Complete
SO,000130,5,PROD0105,47,47,737.99,34685.53,Complete
SO,000131,1,PROD0021,26,26,387.18,10066.68,Complete
SO,000131,2,PROD0102,45,45,566.16,25477.2,Complete
SO,000131,3,PROD0072,1,1,238.49,238.49,Complete
SO,000131,4,PROD0087,22,22,467.36,10281.92,Complete
SO,000132,1,PROD0086,33,33,261.04,8614.32,Complete
SO,000133,1,PROD0132,35,35,565.62,19796.7,Complete
SO,000133,2,PROD0107,27,27,568.83,15358.41,Complete
SO,000133,3,PROD0100,21,21,57.93,1216.53,Complete
SO,000134,1,PROD0114,2,2,808.26,1616.52,Complete
SO,000134,2,PROD0077,33,33,290.82,9597.06,Complete
SO,000135,1,PROD0065,40,40,576.87,23074.8,Complete
SO,000135,2,PROD0091,23,23,201.4,4632.2,Complete
SO,000135,3,PROD0149,33,33,260.6,8599.8,Complete
SO,000136,1,PROD0030,38,38,998.86,37956.68,Complete
SO,000136,2,PROD0033,36,36,187.99,6767.64,Complete
SO,000136,3,PROD0129,18,18,377.3,6791.4,Complete
SO,000137,1,PROD0012,34,0,610.72,20764.48,Cancelled
SO,000137,2,PROD0052,10,0,607.53,6075.3,Cancelled
SO,000137,3,PROD0032,24,0,553.09,13274.16,Cancelled
SO,000137,4,PROD0099,41,0,1018.85,41772.85,Cancelled
SO,000138,1,PROD0115,48,0,13.17,632.16,Cancelled
SO,000139,1,PROD0121,3,3,611.07,1833.21,Complete
SO,000139,2,PROD0067,37,37,477.77,17677.49,Complete
SO,000139,3,PROD0049,33,33,233.43,7703.19,Complete
SO,000139,4,PROD0036,14,14,127.05,1778.7,Complete
SO,000140,1,PROD0004,26,26,300.85,7822.1,Complete
SO,000140,2,PROD0063,3,3,634.93,1904.79,Complete
SO,000140,3,PROD0072,27,27,238.49,6439.23,Complete
SO,000140,4,PROD0034,43,43,726.57,31242.51,Complete
SO,000141,1,PROD0029,4,4,349.7,1398.8,Complete
SO,000141,2,PROD0003,22,22,744.36,16375.92,Complete
SO,000141,3,PROD0030,42,42,998.86,41952.12,Complete
SO,000142,1,PROD0034,29,0,726.57,21070.53,Cancelled
SO,000142,2,PROD0029,42,0,349.7,14687.4,Cancelled
SO,000143,1,PROD0102,44,44,566.16,24911.04,Complete
SO,000144,1,PROD0005,22,22,524.88,11547.36,Complete
SO,000144,2,PROD0021,3,3,387.18,1161.54,Complete
SO,000144,3,PROD0107,35,35,568.83,19909.05,Complete
SO,000144,4,PROD0060,10,10,72.36,723.6,Complete
SO,000144,5,PROD0058,11,11,538.92,5928.12,Complete
SO,000145,1,PROD0089,5,5,835.55,4177.75,Complete
SO,000145,2,PROD0088,16,16,36.78,588.48,Complete
SO,000146,1,PROD0005,4,4,524.88,2099.52,Complete
SO,000147,1,PROD0072,23,23,238.49,5485.27,Complete
SO,000148,1,PROD0062,7,7,242.09,1694.63,Complete
SO,000148,2,PROD0084,45,45,541.21,24354.45,Complete
SO,000148,3,PROD0055,15,15,537.86,8067.9,Complete
SO,000148,4,PROD0045,27,27,14.76,398.52,Complete
SO,000149,1,PROD0011,16,0,113.83,1821.28,Cancelled
SO,000150,1,PROD0027,24,24,313.91,7533.84,Complete
SO,000150,2,PROD0032,48,48,553.09,26548.32,Complete
SO,000150,3,PROD0004,17,17,300.85,5114.45,Complete
SO,000150,4,PROD0045,47,47,14.76,693.72,Complete
SO,000151,1,PROD0051,16,16,554.73,8875.68,Complete
SO,000151,2,PROD0038,14,14,466.02,6524.28,Complete
SO,000151,3,PROD0064,13,13,536.5,6974.5,Complete
SO,000152,1,PROD0149,36,36,260.6,9381.6,Complete
SO,000152,2,PROD0088,49,49,36.78,1802.22,Complete
SO,000152,3,PROD0148,2,2,224.77,449.54,Complete
SO,000152,4,PROD0061,44,44,436.02,19184.88,Complete
SO,000152,5,PROD0126,27,27,453.55,12245.85,Complete
SO,000153,1,PROD0019,32,0,308.52,9872.64,Cancelled
SO,000153,2,PROD0029,21,0,349.7,7343.7,Cancelled
SO,000153,3,PROD0098,45,0,441.85,19883.25,Cancelled
SO,000153,4,PROD0084,19,0,541.21,10282.99,Cancelled
SO,000154,1,PROD0085,22,0,1122.47,24694.34,Cancelled
SO,000155,1,PROD0001,28,28,679.21,19017.88,Complete
SO,000156,1,PROD0138,40,40,818.63,32745.2,Complete
SO,000157,1,PROD0055,8,0,537.86,4302.88,Cancelled
SO,000157,2,PROD0135,27,0,805.95,21760.65,Cancelled
SO,000158,1,PROD0065,48,0,576.87,27689.76,Cancelled
SO,000159,1,PROD0065,45,0,576.87,25959.15,Cancelled
SO,000159,2,PROD0084,31,0,541.21,16777.51,Cancelled
SO,000159,3,PROD0072,43,0,238.49,10255.07,Cancelled
SO,000159,4,PROD0057,45,0,299.94,13497.3,Cancelled
SO,000160,1,PROD0015,24,24,588.05,14113.2,Complete
SO,000161,1,PROD0098,10,10,441.85,4418.5,Complete
SO,000162,1,PROD0003,31,0,744.36,23075.16,Cancelled
SO,000162,2,PROD0147,2,0,809.7,1619.4,Cancelled
SO,000162,3,PROD0143,32,0,536.07,17154.24,Cancelled
SO,000162,4,PROD0043,3,0,44.75,134.25,Cancelled
SO,000162,5,PROD0036,24,0,127.05,3049.2,Cancelled
SO,000163,1,PROD0110,6,6,424.15,2544.9,Complete
SO,000163,2,PROD0066,14,14,16.1,225.4,Complete
SO,000163,3,PROD0136,27,27,73.64,1988.28,Complete
SO,000164,1,PROD0029,1,1,349.7,349.7,Complete
SO,000164,2,PROD0109,35,35,39.5,1382.5,Complete
SO,000164,3,PROD0004,6,6,300.85,1805.1,Complete
SO,000164,4,PROD0095,6,6,959.62,5757.72,Complete
SO,000164,5,PROD0146,26,26,295.21,7675.46,Complete
SO,000165,1,PROD0057,37,37,299.94,11097.78,Complete
SO,000165,2,PROD0097,13,13,307.87,4002.31,Complete
SO,000165,3,PROD0034,34,34,726.57,24703.38,Complete
SO,000165,4,PROD0031,26,26,771.6,20061.6,Complete
SO,000165,5,PROD0093,23,23,696.91,16028.93,Complete
SO,000166,1,PROD0072,9,9,238.49,2146.41,Complete
SO,000166,2,PROD0089,49,49,835.55,40941.95,Complete
SO,000166,3,PROD0137,8,8,592.35,4738.8,Complete
SO,000166,4,PROD0047,3,3,292.64,877.92,Complete
SO,000167,1,PROD0137,13,13,592.35,7700.55,Complete
SO,000167,2,PROD0060,42,42,72.36,3039.12,Complete
SO,000167,3,PROD0145,27,27,313.21,8456.67,Complete
SO,000167,4,PROD0150,43,43,24.79,1065.97,Complete
SO,000168,1,PROD0139,5,5,193.44,967.2,Complete
SO,000168,2,PROD0140,31,31,568.59,17626.29,Complete
SO,000169,1,PROD0144,44,44,1025.18,45107.92,Complete
SO,000169,2,PROD0025,43,43,201.25,8653.75,Complete
SO,000169,3,PROD0143,21,21,536.07,11257.47,Complete
SO,000169,4,PROD0016,5,5,500.65,2503.25,Complete
SO,000169,5,PROD0066,16,16,16.1,257.6,Complete
SO,000170,1,PROD0106,10,10,834.68,8346.8,Complete
SO,000170,2,PROD0008,33,33,732.12,24159.96,Complete
SO,000170,3,PROD0140,4,4,568.59,2274.36,Complete
SO,000170,4,PROD0087,48,48,467.36,22433.28,Complete
SO,000171,1,PROD0110,34,0,424.15,14421.1,Cancelled
SO,000171,2,PROD0018,22,0,554.02,12188.44,Cancelled
SO,000171,3,PROD0072,26,0,238.49,6200.74,Cancelled
SO,000171,4,PROD0080,12,0,539.45,6473.4,Cancelled
SO,000172,1,PROD0098,1,0,441.85,441.85,Cancelled
SO,000173,1,PROD0111,6,6,276.72,1660.32,Complete
SO,000173,2,PROD0131,5,5,512.27,2561.35,Complete
SO,000173,3,PROD0124,39,39,112.97,4405.83,Complete
SO,000173,4,PROD0090,4,4,625.57,2502.28,Complete
SO,000174,1,PROD0119,13,13,915.81,11905.53,Complete
SO,000174,2,PROD0025,27,27,201.25,5433.75,Complete
SO,000175,1,PROD0128,11,0,338.79,3726.69,Cancelled
SO,000175,2,PROD0063,35,0,634.93,22222.55,Cancelled
SO,000176,1,PROD0127,12,0,421.9,5062.8,Cancelled
SO,000176,2,PROD0073,20,0,134.24,2684.8,Cancelled
SO,000176,3,PROD0069,43,0,550.47,23670.21,Cancelled
SO,000176,4,PROD0064,35,0,536.5,18777.5,Cancelled
SO,000177,1,PROD0125,17,17,27.31,464.27,Complete
SO,000178,1,PROD0007,29,0,248.16,7196.64,Cancelled
SO,000178,2,PROD0091,7,0,201.4,1409.8,Cancelled
SO,000178,3,PROD0035,6,0,347.66,2085.96,Cancelled
SO,000179,1,PROD0042,1,1,490.49,490.49,Complete
SO,000179,2,PROD0013,7,7,743.44,5204.08,Complete
SO,000179,3,PROD0116,42,42,177.76,7465.92,Complete
SO,000179,4,PROD0140,44,44,568.59,25017.96,Complete
SO,000180,1,PROD0112,38,0,27.56,1047.28,Cancelled
SO,000180,2,PROD0062,40,0,242.09,9683.6,Cancelled
SO,000180,3,PROD0059,18,0,839.19,15105.42,Cancelled
SO,000180,4,PROD0076,45,0,383.86,17273.7,Cancelled
SO,000180,5,PROD0018,28,0,554.02,15512.56,Cancelled
SO,000181,1,PROD0049,32,32,233.43,7469.76,Complete
SO,000182,1,PROD0085,26,26,1122.47,29184.22,Complete
SO,000182,2,PROD0119,1,1,915.81,915.81,Complete
SO,000182,3,PROD0132,2,2,565.62,1131.24,Complete
SO,000183,1,PROD0035,48,0,347.66,16687.68,Cancelled
SO,000183,2,PROD0033,46,0,187.99,8647.54,Cancelled
SO,000183,3,PROD0102,42,0,566.16,23778.72,Cancelled
SO,000184,1,PROD0112,16,16,27.56,440.96,Complete
SO,000184,2,PROD0088,36,36,36.78,1324.08,Complete
SO,000184,3,PROD0034,5,5,726.57,3632.85,Complete
SO,000185,1,PROD0086,23,23,261.04,6003.92,Complete
SO,000186,1,PROD0147,14,14,809.7,11335.8,Complete
SO,000186,2,PROD0066,45,45,16.1,724.5,Complete
SO,000187,1,PROD0041,46,46,657.99,30267.54,Complete
SO,000187,2,PROD0037,30,30,1012.52,30375.6,Complete
SO,000188,1,PROD0049,27,27,233.43,6302.61,Complete
SO,000188,2,PROD0081,38,38,790.13,30024.94,Complete
SO,000189,1,PROD0141,48,0,825.78,39637.44,Cancelled
SO,000189,2,PROD0121,44,0,611.07,26887.08,Cancelled
SO,000189,3,PROD0146,39,0,295.21,11513.19,Cancelled
SO,000189,4,PROD0119,40,0,915.81,36632.4,Cancelled
SO,000190,1,PROD0088,7,7,36.78,257.46,Complete
SO,000190,2,PROD0038,29,29,466.02,13514.58,Complete
SO,000190,3,PROD0025,22,22,201.25,4427.5,Complete
SO,000190,4,PROD0107,25,25,568.83,14220.75,Complete
SO,000191,1,PROD0004,32,0,300.85,9627.2,Cancelled
SO,000191,2,PROD0096,16,0,787.32,12597.12,Cancelled
SO,000192,1,PROD0024,1,1,243.91,243.91,Complete
SO,000192,2,PROD0038,28,28,466.02,13048.56,Complete
SO,000192,3,PROD0139,28,28,193.44,5416.32,Complete
SO,000193,1,PROD0044,38,38,793.98,30171.24,Complete
SO,000193,2,PROD0009,40,40,20.71,828.4,Complete
SO,000193,3,PROD0086,36,36,261.04,9397.44,Complete
SO,000193,4,PROD0028,33,33,516.03,17028.99,Complete
SO,000194,1,PROD0101,14,14,414.33,5800.62,Complete
SO,000194,2,PROD0094,21,21,279.93,5878.53,Complete
SO,000194,3,PROD0071,18,18,1073.21,19317.78,Complete
SO,000195,1,PROD0054,7,7,1175.01,8225.07,Complete
SO,000195,2,PROD0135,45,45,805.95,36267.75,Complete
SO,000195,3,PROD0118,28,28,13.0,364.0,Complete
SO,000195,4,PROD0122,4,4,1079.44,4317.76,Complete
SO,000196,1,PROD0082,34,34,708.51,24089.34,Complete
SO,000197,1,PROD0041,9,9,657.99,5921.91,Complete
SO,000198,1,PROD0021,26,26,387.18,10066.68,Complete
SO,000198,2,PROD0061,30,30,436.02,13080.6,Complete
SO,000199,1,PROD0033,26,26,187.99,4887.74,Complete
SO,000199,2,PROD0130,37,37,272.41,10079.17,Complete
SO,000199,3,PROD0071,38,38,1073.21,40781.98,Complete
SO,000199,4,PROD0006,45,45,995.1,44779.5,Complete
SO,000199,5,PROD0007,26,26,248.16,6452.16,Complete
SO,000200,1,PROD0016,19,0,500.65,9512.35,Cancelled
SO,000200,2,PROD0058,29,0,538.92,15628.68,Cancelled
SO,000200,3,PROD0124,18,0,112.97,2033.46,Cancelled
SO,000200,4,PROD0102,14,0,566.16,7926.24,Cancelled
SO,000201,1,PROD0149,41,41,260.6,10684.6,Complete
SO,000201,2,PROD0055,39,39,537.86,20976.54,Complete
SO,000201,3,PROD0030,23,23,998.86,22973.78,Complete
SO,000202,1,PROD0120,14,0,124.85,1747.9,Cancelled
SO,000202,2,PROD0016,9,0,500.65,4505.85,Cancelled
SO,000202,3,PROD0044,48,0,793.98,38111.04,Cancelled
SO,000202,4,PROD0125,24,0,27.31,655.44,Cancelled
SO,000203,1,PROD0065,17,17,576.87,9806.79,Complete
SO,000203,2,PROD0112,34,34,27.56,937.04,Complete
SO,000204,1,PROD0114,6,6,808.26,4849.56,Complete
SO,000204,2,PROD0131,6,6,512.27,3073.62,Complete
SO,000204,3,PROD0140,28,28,568.59,15920.52,Complete
SO,000205,1,PROD0121,34,34,611.07,20776.38,Complete
SO,000205,2,PROD0011,33,33,113.83,3756.39,Complete
SO,000205,3,PROD0054,15,15,1175.01,17625.15,Complete
SO,000205,4,PROD0034,38,38,726.57,27609.66,Complete
SO,000206,1,PROD0050,13,13,685.14,8906.82,Complete
SO,000206,2,PROD0123,12,12,782.18,9386.16,Complete
SO,000206,3,PROD0117,47,47,224.96,10573.12,Complete
SO,000207,1,PROD0150,1,1,24.79,24.79,Complete
SO,000207,2,PROD0148,27,27,224.77,6068.79,Complete
SO,000208,1,PROD0003,49,49,744.36,36473.64,Complete
SO,000208,2,PROD0109,31,31,39.5,1224.5,Complete
SO,000208,3,PROD0069,46,46,550.47,25321.62,Complete
SO,000208,4,PROD0007,28,28,248.16,6948.48,Complete
SO,000208,5,PROD0139,39,39,193.44,7544.16,Complete
SO,000209,1,PROD0035,21,21,347.66,7300.86,Complete
SO,000209,2,PROD0086,15,15,261.04,3915.6,Complete
SO,000210,1,PROD0049,33,33,233.43,7703.19,Complete
SO,000211,1,PROD0001,9,9,679.21,6112.89,Complete
SO,000212,1,PROD0143,16,16,536.07,8577.12,Complete
SO,000212,2,PROD0045,29,29,14.76,428.04,Complete
SO,000212,3,PROD0149,3,3,260.6,781.8,Complete
SO,000212,4,PROD0078,22,22,289.07,6359.54,Complete
SO,000213,1,PROD0088,11,11,36.78,404.58,Complete
SO,000214,1,PROD0135,36,36,805.95,29014.2,Complete
SO,000214,2,PROD0088,48,48,36.78,1765.44,Complete
SO,000214,3,PROD0119,4,4,915.81,3663.24,Complete
SO,000215,1,PROD0150,31,31,24.79,768.49,Complete
SO,000215,2,PROD0047,34,34,292.64,9949.76,Complete
SO,000215,3,PROD0128,1,1,338.79,338.79,Complete
SO,000215,4,PROD0017,40,40,1132.81,45312.4,Complete
SO,000216,1,PROD0008,45,0,732.12,32945.4,Cancelled
SO,000216,2,PROD0045,10,0,14.76,147.6,Cancelled
SO,000216,3,PROD0068,34,0,582.64,19809.76,Cancelled
SO,000217,1,PROD0053,1,1,632.95,632.95,Complete
SO,000217,2,PROD0002,22,22,969.84,21336.48,Complete
SO,000217,3,PROD0016,16,16,500.65,8010.4,Complete
SO,000218,1,PROD0104,36,36,157.23,5660.28,Complete
SO,000218,2,PROD0006,7,7,995.1,6965.7,Complete
SO,000218,3,PROD0096,28,28,787.32,22044.96,Complete
SO,000218,4,PROD0082,5,5,708.51,3542.55,Complete
SO,000219,1,PROD0121,28,28,611.07,17109.96,Complete
SO,000220,1,PROD0023,31,31,247.17,7662.27,Complete
SO,000220,2,PROD0145,1,1,313.21,313.21,Complete
SO,000221,1,PROD0047,1,1,292.64,292.64,Complete
SO,000221,2,PROD0109,2,2,39.5,79.0,Complete
SO,000222,1,PROD0150,16,16,24.79,396.64,Complete
SO,000223,1,PROD0040,22,22,22.67,498.74,Complete
SO,000224,1,PROD0137,41,0,592.35,24286.35,Cancelled
SO,000224,2,PROD0116,8,0,177.76,1422.08,Cancelled
SO,000224,3,PROD0010,5,0,269.5,1347.5,Cancelled
SO,000224,4,PROD0062,32,0,242.09,7746.88,Cancelled
SO,000224,5,PROD0102,38,0,566.16,21514.08,Cancelled
SO,000225,1,PROD0035,11,11,347.66,3824.26,Complete
SO,000225,2,PROD0098,4,4,441.85,1767.4,Complete
SO,000226,1,PROD0020,32,32,925.09,29602.88,Complete
SO,000226,2,PROD0120,7,7,124.85,873.95,Complete
SO,000226,3,PROD0045,35,35,14.76,516.6,Complete
SO,000226,4,PROD0142,21,21,371.83,7808.43,Complete
SO,000226,5,PROD0134,34,34,31.21,1061.14,Complete
SO,000227,1,PROD0081,1,0,790.13,790.13,Cancelled
SO,000227,2,PROD0024,23,0,243.91,5609.93,Cancelled
SO,000228,1,PROD0115,44,44,13.17,579.48,Complete
SO,000228,2,PROD0083,40,40,457.19,18287.6,Complete
SO,000228,3,PROD0057,10,10,299.94,2999.4,Complete
SO,000228,4,PROD0058,8,8,538.92,4311.36,Complete
SO,000229,1,PROD0138,24,24,818.63,19647.12,Complete
SO,000229,2,PROD0113,31,31,423.21,13119.51,Complete
SO,000230,1,PROD0049,12,12,233.43,2801.16,Complete
SO,000230,2,PROD0145,12,12,313.21,3758.52,Complete
SO,000230,3,PROD0138,39,39,818.63,31926.57,Complete
SO,000230,4,PROD0109,44,44,39.5,1738.0,Complete
SO,000230,5,PROD0083,47,47,457.19,21487.93,Complete
SO,000231,1,PROD0044,30,30,793.98,23819.4,Complete
SO,000231,2,PROD0067,29,29,477.77,13855.33,Complete
SO,000231,3,PROD0030,6,6,998.86,5993.16,Complete
SO,000231,4,PROD0071,50,50,1073.21,53660.5,Complete
SO,000231,5,PROD0082,6,6,708.51,4251.06,Complete
SO,000232,1,PROD0081,45,45,790.13,35555.85,Complete
SO,000232,2,PROD0124,6,6,112.97,677.82,Complete
SO,000232,3,PROD0076,37,37,383.86,14202.82,Complete
SO,000233,1,PROD0027,22,22,313.91,6906.02,Complete
SO,000233,2,PROD0068,45,45,582.64,26218.8,Complete
SO,000233,3,PROD0074,45,45,407.43,18334.35,Complete
SO,000233,4,PROD0123,38,38,782.18,29722.84,Complete
SO,000234,1,PROD0084,1,1,541.21,541.21,Complete
SO,000234,2,PROD0104,6,6,157.23,943.38,Complete
SO,000234,3,PROD0132,25,25,565.62,14140.5,Complete
SO,000234,4,PROD0096,20,20,787.32,15746.4,Complete
SO,000234,5,PROD0116,44,44,177.76,7821.44,Complete
SO,000235,1,PROD0067,47,47,477.77,22455.19,Complete
SO,000235,2,PROD0135,26,26,805.95,20954.7,Complete
SO,000235,3,PROD0137,31,31,592.35,18362.85,Complete
SO,000235,4,PROD0141,26,26,825.78,21470.28,Complete
SO,000235,5,PROD0004,22,22,300.85,6618.7,Complete
SO,000236,1,PROD0035,2,0,347.66,695.32,Cancelled
SO,000237,1,PROD0035,37,37,347.66,12863.42,Complete
SO,000237,2,PROD0004,38,38,300.85,11432.3,Complete
SO,000238,1,PROD0045,27,27,14.76,398.52,Complete
SO,000238,2,PROD0114,8,8,808.26,6466.08,Complete
SO,000239,1,PROD0068,24,24,582.64,13983.36,Complete
SO,000239,2,PROD0037,41,41,1012.52,41513.32,Complete
SO,000239,3,PROD0111,32,32,276.72,8855.04,Complete
SO,000239,4,PROD0057,30,30,299.94,8998.2,Complete
SO,000240,1,PROD0050,42,42,685.14,28775.88,Complete
SO,000241,1,PROD0104,13,13,157.23,2043.99,Complete
SO,000242,1,PROD0038,24,24,466.02,11184.48,Complete
SO,000243,1,PROD0112,24,24,27.56,661.44,Complete
SO,000244,1,PROD0045,43,0,14.76,634.68,Cancelled
SO,000244,2,PROD0068,40,0,582.64,23305.6,Cancelled
SO,000244,3,PROD0130,35,0,272.41,9534.35,Cancelled
SO,000244,4,PROD0092,20,0,158.31,3166.2,Cancelled
SO,000245,1,PROD0149,2,2,260.6,521.2,Complete
SO,000245,2,PROD0061,17,17,436.02,7412.34,Complete
SO,000245,3,PROD0022,29,29,413.99,12005.71,Complete
SO,000245,4,PROD0045,31,31,14.76,457.56,Complete
SO,000245,5,PROD0077,30,30,290.82,8724.6,Complete
SO,000246,1,PROD0058,43,0,538.92,23173.56,Cancelled
SO,000246,2,PROD0044,9,0,793.98,7145.82,Cancelled
SO,000246,3,PROD0027,1,0,313.91,313.91,Cancelled
SO,000246,4,PROD0074,10,0,407.43,4074.3,Cancelled
SO,000247,1,PROD0091,39,39,201.4,7854.6,Complete
SO,000247,2,PROD0136,28,28,73.64,2061.92,Complete
SO,000247,3,PROD0027,25,25,313.91,7847.75,Complete
SO,000247,4,PROD0030,20,20,998.86,19977.2,Complete
SO,000247,5,PROD0068,15,15,582.64,8739.6,Complete
SO,000248,1,PROD0030,3,3,998.86,2996.58,Complete
SO,000248,2,PROD0071,37,37,1073.21,39708.77,Complete
SO,000248,3,PROD0114,44,44,808.26,35563.44,Complete
SO,000248,4,PROD0026,15,15,252.68,3790.2,Complete
SO,000249,1,PROD0004,49,49,300.85,14741.65,Complete
SO,000250,1,PROD0062,24,24,242.09,5810.16,Complete
SO,000250,2,PROD0041,23,23,657.99,15133.77,Complete
SO,000250,3,PROD0024,47,47,243.91,11463.77,Complete
SO,000250,4,PROD0105,24,24,737.99,17711.76,Complete
SO,000250,5,PROD0006,44,44,995.1,43784.4,Complete
SO,000251,1,PROD0119,30,30,915.81,27474.3,Complete
SO,000251,2,PROD0030,10,10,998.86,9988.6,Complete
SO,000251,3,PROD0121,37,37,611.07,22609.59,Complete
SO,000252,1,PROD0014,38,38,252.21,9583.98,Complete
SO,000252,2,PROD0051,45,45,554.73,24962.85,Complete
SO,000252,3,PROD0138,22,22,818.63,18009.86,Complete
SO,000252,4,PROD0089,11,11,835.55,9191.05,Complete
SO,000253,1,PROD0042,41,41,490.49,20110.09,Complete
SO,000253,2,PROD0043,49,49,44.75,2192.75,Complete
SO,000253,3,PROD0078,17,17,289.07,4914.19,Complete
SO,000254,1,PROD0039,30,30,643.21,19296.3,Complete
SO,000254,2,PROD0076,31,31,383.86,11899.66,Complete
SO,000254,3,PROD0040,3,3,22.67,68.01,Complete
SO,000254,4,PROD0113,7,7,423.21,2962.47,Complete
SO,000255,1,PROD0085,40,40,1122.47,44898.8,Complete
SO,000255,2,PROD0009,35,35,20.71,724.85,Complete
SO,000255,3,PROD0001,26,26,679.21,17659.46,Complete
SO,000255,4,PROD0138,38,38,818.63,31107.94,Complete
SO,000255,5,PROD0071,45,45,1073.21,48294.45,Complete
SO,000256,1,PROD0070,21,21,415.85,8732.85,Complete
SO,000257,1,PROD0142,28,28,371.83,10411.24,Complete
SO,000257,2,PROD0029,12,12,349.7,4196.4,Complete
SO,000257,3,PROD0094,29,29,279.93,8117.97,Complete
SO,000257,4,PROD0128,35,35,338.79,11857.65,Complete
SO,000258,1,PROD0067,30,30,477.77,14333.1,Complete
SO,000259,1,PROD0009,38,38,20.71,786.98,Complete
SO,000260,1,PROD0093,8,8,696.91,5575.28,Complete
SO,000260,2,PROD0148,28,28,224.77,6293.56,Complete
SO,000260,3,PROD0078,17,17,289.07,4914.19,Complete
SO,000260,4,PROD0090,23,23,625.57,14388.11,Complete
SO,000261,1,PROD0100,30,30,57.93,1737.9,Complete
SO,000261,2,PROD0140,10,10,568.59,5685.9,Complete
SO,000261,3,PROD0093,6,6,696.91,4181.46,Complete
SO,000262,1,PROD0088,49,49,36.78,1802.22,Complete
SO,000262,2,PROD0083,15,15,457.19,6857.85,Complete
SO,000262,3,PROD0059,48,48,839.19,40281.12,Complete
SO,000262,4,PROD0097,4,4,307.87,1231.48,Complete
SO,000263,1,PROD0016,15,15,500.65,7509.75,Complete
SO,000263,2,PROD0133,49,49,800.57,39227.93,Complete
SO,000264,1,PROD0118,47,0,13.0,611.0,Cancelled
SO,000265,1,PROD0092,15,0,158.31,2374.65,Cancelled
SO,000265,2,PROD0027,25,0,313.91,7847.75,Cancelled
SO,000266,1,PROD0071,42,0,1073.21,45074.82,Cancelled
SO,000266,2,PROD0115,5,0,13.17,65.85,Cancelled
SO,000266,3,PROD0053,16,0,632.95,10127.2,Cancelled
SO,000266,4,PROD0098,1,0,441.85,441.85,Cancelled
SO,000266,5,PROD0086,7,0,261.04,1827.28,Cancelled
SO,000267,1,PROD0148,36,0,224.77,8091.72,Cancelled
SO,000267,2,PROD0043,48,0,44.75,2148.0,Cancelled
SO,000267,3,PROD0108,13,0,462.28,6009.64,Cancelled
SO,000267,4,PROD0023,5,0,247.17,1235.85,Cancelled
SO,000267,5,PROD0127,16,0,421.9,6750.4,Cancelled
SO,000268,1,PROD0067,27,27,477.77,12899.79,Complete
SO,000268,2,PROD0031,30,30,771.6,23148.0,Complete
SO,000268,3,PROD0148,8,8,224.77,1798.16,Complete
SO,000268,4,PROD0112,30,30,27.56,826.8,Complete
SO,000269,1,PROD0133,46,46,800.57,36826.22,Complete
SO,000269,2,PROD0117,14,14,224.96,3149.44,Complete
SO,000269,3,PROD0060,37,37,72.36,2677.32,Complete
SO,000269,4,PROD0138,5,5,818.63,4093.15,Complete
SO,000270,1,PROD0091,33,0,201.4,6646.2,Cancelled
SO,000270,2,PROD0034,13,0,726.57,9445.41,Cancelled
SO,000270,3,PROD0144,27,0,1025.18,27679.86,Cancelled
SO,000270,4,PROD0115,13,0,13.17,171.21,Cancelled
SO,000270,5,PROD0125,42,0,27.31,1147.02,Cancelled
SO,000271,1,PROD0113,29,29,423.21,12273.09,Complete
SO,000271,2,PROD0090,14,14,625.57,8757.98,Complete
SO,000271,3,PROD0034,40,40,726.57,29062.8,Complete
SO,000271,4,PROD0032,28,28,553.09,15486.52,Complete
SO,000272,1,PROD0056,43,43,625.02,26875.86,Complete
SO,000272,2,PROD0040,40,40,22.67,906.8,Complete
SO,000272,3,PROD0047,15,15,292.64,4389.6,Complete
SO,000272,4,PROD0002,33,33,969.84,32004.72,Complete
SO,000273,1,PROD0006,25,25,995.1,24877.5,Complete
SO,000273,2,PROD0035,43,43,347.66,14949.38,Complete
SO,000274,1,PROD0010,30,30,269.5,8085.0,Complete
SO,000274,2,PROD0140,44,44,568.59,25017.96,Complete
SO,000274,3,PROD0045,37,37,14.76,546.12,Complete
SO,000274,4,PROD0144,4,4,1025.18,4100.72,Complete
SO,000275,1,PROD0007,11,0,248.16,2729.76,Cancelled
SO,000275,2,PROD0058,12,0,538.92,6467.04,Cancelled
SO,000275,3,PROD0145,28,0,313.21,8769.88,Cancelled
SO,000275,4,PROD0106,5,0,834.68,4173.4,Cancelled
SO,000275,5,PROD0011,34,0,113.83,3870.22,Cancelled
SO,000276,1,PROD0094,50,50,279.93,13996.5,Complete
SO,000276,2,PROD0087,13,13,467.36,6075.68,Complete
SO,000276,3,PROD0144,29,29,1025.18,29730.22,Complete
SO,000276,4,PROD0124,28,28,112.97,3163.16,Complete
SO,000276,5,PROD0062,19,19,242.09,4599.71,Complete
SO,000277,1,PROD0072,34,0,238.49,8108.66,Cancelled
SO,000277,2,PROD0054,32,0,1175.01,37600.32,Cancelled
SO,000278,1,PROD0085,19,19,1122.47,21326.93,Complete
SO,000279,1,PROD0021,9,9,387.18,3484.62,Complete
SO,000279,2,PROD0064,25,25,536.5,13412.5,Complete
SO,000279,3,PROD0134,10,10,31.21,312.1,Complete
SO,000279,4,PROD0027,39,39,313.91,12242.49,Complete
SO,000280,1,PROD0141,6,6,825.78,4954.68,Complete
SO,000280,2,PROD0015,30,30,588.05,17641.5,Complete
SO,000281,1,PROD0081,32,32,790.13,25284.16,Complete
SO,000281,2,PROD0075,47,47,528.39,24834.33,Complete
SO,000281,3,PROD0052,45,45,607.53,27338.85,Complete
SO,000281,4,PROD0080,12,12,539.45,6473.4,Complete
SO,000281,5,PROD0041,42,42,657.99,27635.58,Complete
SO,000282,1,PROD0141,3,3,825.78,2477.34,Complete
SO,000282,2,PROD0010,27,27,269.5,7276.5,Complete
SO,000282,3,PROD0036,40,40,127.05,5082.0,Complete
SO,000283,1,PROD0087,19,19,467.36,8879.84,Complete
SO,000283,2,PROD0036,31,31,127.05,3938.55,Complete
SO,000283,3,PROD0068,36,36,582.64,20975.04,Complete
SO,000283,4,PROD0053,26,26,632.95,16456.7,Complete
SO,000284,1,PROD0103,13,13,975.39,12680.07,Complete
SO,000285,1,PROD0121,9,9,611.07,5499.63,Complete
SO,000285,2,PROD0097,40,40,307.87,12314.8,Complete
SO,000286,1,PROD0007,17,0,248.16,4218.72,Cancelled
SO,000286,2,PROD0119,49,0,915.81,44874.69,Cancelled
SO,000286,3,PROD0095,17,0,959.62,16313.54,Cancelled
SO,000286,4,PROD0021,14,0,387.18,5420.52,Cancelled
SO,000286,5,PROD0051,22,0,554.73,12204.06,Cancelled
SO,000287,1,PROD0041,19,19,657.99,12501.81,Complete
SO,000287,2,PROD0016,2,2,500.65,1001.3,Complete
SO,000287,3,PROD0031,3,3,771.6,2314.8,Complete
SO,000287,4,PROD0132,3,3,565.62,1696.86,Complete
SO,000287,5,PROD0090,27,27,625.57,16890.39,Complete
SO,000288,1,PROD0150,16,16,24.79,396.64,Complete
SO,000289,1,PROD0066,30,30,16.1,483.0,Complete
SO,000289,2,PROD0037,22,22,1012.52,22275.44,Complete
SO,000290,1,PROD0055,4,4,537.86,2151.44,Complete
SO,000290,2,PROD0106,23,23,834.68,19197.64,Complete
SO,000290,3,PROD0147,8,8,809.7,6477.6,Complete
SO,000291,1,PROD0027,49,0,313.91,15381.59,Cancelled
SO,000291,2,PROD0100,21,0,57.93,1216.53,Cancelled
SO,000292,1,PROD0071,29,29,1073.21,31123.09,Complete
SO,000292,2,PROD0097,25,25,307.87,7696.75,Complete
SO,000292,3,PROD0065,16,16,576.87,9229.92,Complete
SO,000292,4,PROD0016,22,22,500.65,11014.3,Complete
SO,000293,1,PROD0050,29,29,685.14,19869.06,Complete
SO,000293,2,PROD0147,48,48,809.7,38865.6,Complete
SO,000293,3,PROD0131,44,44,512.27,22539.88,Complete
SO,000294,1,PROD0002,16,16,969.84,15517.44,Complete
SO,000295,1,PROD0137,11,11,592.35,6515.85,Complete
SO,000296,1,PROD0112,22,22,27.56,606.32,Complete
SO,000296,2,PROD0110,41,41,424.15,17390.15,Complete
SO,000296,3,PROD0020,20,20,925.09,18501.8,Complete
SO,000296,4,PROD0073,27,27,134.24,3624.48,Complete
SO,000296,5,PROD0049,13,13,233.43,3034.59,Complete
SO,000297,1,PROD0098,33,33,441.85,14581.05,Complete
SO,000297,2,PROD0039,20,20,643.21,12864.2,Complete
SO,000297,3,PROD0053,8,8,632.95,5063.6,Complete
SO,000297,4,PROD0071,38,38,1073.21,40781.98,Complete
SO,000297,5,PROD0084,14,14,541.21,7576.94,Complete
SO,000298,1,PROD0144,6,6,1025.18,6151.08,Complete
SO,000298,2,PROD0137,6,6,592.35,3554.1,Complete
SO,000298,3,PROD0071,34,34,1073.21,36489.14,Complete
SO,000298,4,PROD0058,21,21,538.92,11317.32,Complete
SO,000298,5,PROD0129,18,18,377.3,6791.4,Complete
SO,000299,1,PROD0011,33,33,113.83,3756.39,Complete
SO,000300,1,PROD0042,44,44,490.49,21581.56,Complete
SO,000300,2,PROD0048,11,11,542.47,5967.17,Complete
SO,000300,3,PROD0128,26,26,338.79,8808.54,Complete
SO,000300,4,PROD0117,29,29,224.96,6523.84,Complete
SO,000301,1,PROD0027,6,6,313.91,1883.46,Complete
SO,000301,2,PROD0116,4,4,177.76,711.04,Complete
SO,000301,3,PROD0007,10,10,248.16,2481.6,Complete
SO,000301,4,PROD0079,11,11,694.16,7635.76,Complete
SO,000301,5,PROD0123,33,33,782.18,25811.94,Complete
SO,000302,1,PROD0023,16,16,247.17,3954.72,Complete
SO,000303,1,PROD0139,32,0,193.44,6190.08,Cancelled
SO,000303,2,PROD0083,25,0,457.19,11429.75,Cancelled
SO,000304,1,PROD0036,32,32,127.05,4065.6,Complete
SO,000304,2,PROD0040,50,50,22.67,1133.5,Complete
SO,000304,3,PROD0029,18,18,349.7,6294.6,Complete
SO,000304,4,PROD0079,9,9,694.16,6247.44,Complete
SO,000304,5,PROD0119,5,5,915.81,4579.05,Complete
SO,000305,1,PROD0013,13,13,743.44,9664.72,Complete
SO,000305,2,PROD0012,43,43,610.72,26260.96,Complete
SO,000306,1,PROD0150,16,16,24.79,396.64,Complete
SO,000306,2,PROD0068,50,50,582.64,29132.0,Complete
SO,000306,3,PROD0118,13,13,13.0,169.0,Complete
SO,000306,4,PROD0113,38,38,423.21,16081.98,Complete
SO,000306,5,PROD0135,2,2,805.95,1611.9,Complete
SO,000307,1,PROD0138,1,1,818.63,818.63,Complete
SO,000307,2,PROD0110,24,24,424.15,10179.6,Complete
SO,000307,3,PROD0035,49,49,347.66,17035.34,Complete
SO,000307,4,PROD0129,28,28,377.3,10564.4,Complete
SO,000308,1,PROD0122,46,46,1079.44,49654.24,Complete
SO,000308,2,PROD0043,42,42,44.75,1879.5,Complete
SO,000309,1,PROD0093,42,42,696.91,29270.22,Complete
SO,000309,2,PROD0088,44,44,36.78,1618.32,Complete
SO,000309,3,PROD0098,32,32,441.85,14139.2,Complete
SO,000310,1,PROD0087,42,0,467.36,19629.12,Cancelled
SO,000311,1,PROD0016,41,41,500.65,20526.65,Complete
SO,000311,2,PROD0138,33,33,818.63,27014.79,Complete
SO,000312,1,PROD0104,20,20,157.23,3144.6,Complete
SO,000312,2,PROD0042,12,12,490.49,5885.88,Complete
SO,000312,3,PROD0125,31,31,27.31,846.61,Complete
SO,000312,4,PROD0060,21,21,72.36,1519.56,Complete
SO,000312,5,PROD0102,46,46,566.16,26043.36,Complete
SO,000313,1,PROD0092,39,0,158.31,6174.09,Cancelled
SO,000314,1,PROD0040,9,9,22.67,204.03,Complete
SO,000314,2,PROD0138,41,41,818.63,33563.83,Complete
SO,000314,3,PROD0128,46,46,338.79,15584.34,Complete
SO,000315,1,PROD0033,15,0,187.99,2819.85,Cancelled
SO,000316,1,PROD0125,38,38,27.31,1037.78,Complete
SO,000316,2,PROD0127,14,14,421.9,5906.6,Complete
SO,000316,3,PROD0114,47,47,808.26,37988.22,Complete
SO,000317,1,PROD0059,5,5,839.19,4195.95,Complete
SO,000317,2,PROD0024,7,7,243.91,1707.37,Complete
SO,000318,1,PROD0009,20,20,20.71,414.2,Complete
SO,000319,1,PROD0102,17,17,566.16,9624.72,Complete
SO,000319,2,PROD0027,25,25,313.91,7847.75,Complete
SO,000319,3,PROD0148,31,31,224.77,6967.87,Complete
SO,000319,4,PROD0120,6,6,124.85,749.1,Complete
SO,000319,5,PROD0016,35,35,500.65,17522.75,Complete
SO,000320,1,PROD0081,39,39,790.13,30815.07,Complete
SO,000320,2,PROD0141,8,8,825.78,6606.24,Complete
SO,000320,3,PROD0139,44,44,193.44,8511.36,Complete
SO,000320,4,PROD0115,44,44,13.17,579.48,Complete
SO,000320,5,PROD0107,38,38,568.83,21615.54,Complete
SO,000321,1,PROD0077,24,24,290.82,6979.68,Complete
SO,000321,2,PROD0100,50,50,57.93,2896.5,Complete
SO,000321,3,PROD0141,30,30,825.78,24773.4,Complete
SO,000322,1,PROD0137,32,32,592.35,18955.2,Complete
SO,000322,2,PROD0107,21,21,568.83,11945.43,Complete
SO,000322,3,PROD0027,30,30,313.91,9417.3,Complete
SO,000323,1,PROD0091,47,47,201.4,9465.8,Complete
SO,000323,2,PROD0072,43,43,238.49,10255.07,Complete
SO,000323,3,PROD0038,44,44,466.02,20504.88,Complete
SO,000323,4,PROD0063,28,28,634.93,17778.04,Complete
SO,000323,5,PROD0121,22,22,611.07,13443.54,Complete
SO,000324,1,PROD0108,25,0,462.28,11557.0,Cancelled
SO,000324,2,PROD0001,14,0,679.21,9508.94,Cancelled
SO,000324,3,PROD0058,10,0,538.92,5389.2,Cancelled
SO,000324,4,PROD0074,17,0,407.43,6926.31,Cancelled
SO,000325,1,PROD0097,35,35,307.87,10775.45,Complete
SO,000325,2,PROD0101,31,31,414.33,12844.23,Complete
SO,000325,3,PROD0017,24,24,1132.81,27187.44,Complete
SO,000326,1,PROD0146,49,49,295.21,14465.29,Complete
SO,000326,2,PROD0144,38,38,1025.18,38956.84,Complete
SO,000326,3,PROD0021,14,14,387.18,5420.52,Complete
SO,000326,4,PROD0149,12,12,260.6,3127.2,Complete
SO,000326,5,PROD0026,28,28,252.68,7075.04,Complete
SO,000327,1,PROD0096,32,0,787.32,25194.24,Cancelled
SO,000328,1,PROD0127,1,0,421.9,421.9,Cancelled
SO,000328,2,PROD0084,5,0,541.21,2706.05,Cancelled
SO,000328,3,PROD0083,39,0,457.19,17830.41,Cancelled
SO,000329,1,PROD0107,50,50,568.83,28441.5,Complete
SO,000329,2,PROD0049,31,31,233.43,7236.33,Complete
SO,000329,3,PROD0012,17,17,610.72,10382.24,Complete
SO,000329,4,PROD0128,8,8,338.79,2710.32,Complete
SO,000329,5,PROD0077,36,36,290.82,10469.52,Complete
SO,000330,1,PROD0023,49,49,247.17,12111.33,Complete
SO,000330,2,PROD0013,38,38,743.44,28250.72,Complete
SO,000330,3,PROD0139,4,4,193.44,773.76,Complete
SO,000331,1,PROD0086,33,33,261.04,8614.32,Complete
SO,000331,2,PROD0079,43,43,694.16,29848.88,Complete
SO,000332,1,PROD0134,13,13,31.21,405.73,Complete
SO,000333,1,PROD0076,42,42,383.86,16122.12,Complete
SO,000333,2,PROD0097,50,50,307.87,15393.5,Complete
SO,000333,3,PROD0138,50,50,818.63,40931.5,Complete
SO,000333,4,PROD0062,33,33,242.09,7988.97,Complete
SO,000333,5,PROD0002,7,7,969.84,6788.88,Complete
SO,000334,1,PROD0008,27,27,732.12,19767.24,Complete
SO,000334,2,PROD0128,40,40,338.79,13551.6,Complete
SO,000334,3,PROD0089,31,31,835.55,25902.05,Complete
SO,000334,4,PROD0146,1,1,295.21,295.21,Complete
SO,000334,5,PROD0079,19,19,694.16,13189.04,Complete
SO,000335,1,PROD0104,4,4,157.23,628.92,Complete
SO,000335,2,PROD0025,31,31,201.25,6238.75,Complete
SO,000335,3,PROD0095,25,25,959.62,23990.5,Complete
SO,000335,4,PROD0113,49,49,423.21,20737.29,Complete
SO,000335,5,PROD0078,6,6,289.07,1734.42,Complete
SO,000336,1,PROD0005,23,0,524.88,12072.24,Cancelled
SO,000337,1,PROD0081,41,0,790.13,32395.33,Cancelled
SO,000337,2,PROD0032,39,0,553.09,21570.51,Cancelled
SO,000337,3,PROD0051,18,0,554.73,9985.14,Cancelled
SO,000337,4,PROD0113,12,0,423.21,5078.52,Cancelled
SO,000338,1,PROD0016,35,35,500.65,17522.75,Complete
SO,000338,2,PROD0134,49,49,31.21,1529.29,Complete
SO,000338,3,PROD0056,12,12,625.02,7500.24,Complete
SO,000338,4,PROD0087,46,46,467.36,21498.56,Complete
SO,000339,1,PROD0026,27,27,252.68,6822.36,Complete
SO,000339,2,PROD0042,5,5,490.49,2452.45,Complete
SO,000339,3,PROD0046,25,25,322.6,8065.0,Complete
SO,000340,1,PROD0069,3,3,550.47,1651.41,Complete
SO,000340,2,PROD0145,43,43,313.21,13468.03,Complete
SO,000340,3,PROD0048,12,12,542.47,6509.64,Complete
SO,000340,4,PROD0033,33,33,187.99,6203.67,Complete
SO,000340,5,PROD0032,31,31,553.09,17145.79,Complete
SO,000341,1,PROD0034,4,4,726.57,2906.28,Complete
SO,000341,2,PROD0018,8,8,554.02,4432.16,Complete
SO,000342,1,PROD0128,21,21,338.79,7114.59,Complete
SO,000342,2,PROD0148,31,31,224.77,6967.87,Complete
SO,000342,3,PROD0085,18,18,1122.47,20204.46,Complete
SO,000342,4,PROD0028,32,32,516.03,16512.96,Complete
SO,000343,1,PROD0025,23,23,201.25,4628.75,Complete
SO,000343,2,PROD0018,22,22,554.02,12188.44,Complete
SO,000343,3,PROD0139,10,10,193.44,1934.4,Complete
SO,000344,1,PROD0059,14,14,839.19,11748.66,Complete
SO,000344,2,PROD0146,5,5,295.21,1476.05,Complete
SO,000344,3,PROD0104,21,21,157.23,3301.83,Complete
SO,000344,4,PROD0124,35,35,112.97,3953.95,Complete
SO,000345,1,PROD0100,22,22,57.93,1274.46,Complete
SO,000345,2,PROD0037,28,28,1012.52,28350.56,Complete
SO,000345,3,PROD0046,28,28,322.6,9032.8,Complete
SO,000346,1,PROD0032,37,37,553.09,20464.33,Complete
SO,000346,2,PROD0121,15,15,611.07,9166.05,Complete
SO,000346,3,PROD0040,19,19,22.67,430.73,Complete
SO,000347,1,PROD0073,4,4,134.24,536.96,Complete
SO,000347,2,PROD0102,34,34,566.16,19249.44,Complete
SO,000348,1,PROD0073,48,48,134.24,6443.52,Complete
SO,000348,2,PROD0009,7,7,20.71,144.97,Complete
SO,000349,1,PROD0099,16,16,1018.85,16301.6,Complete
SO,000349,2,PROD0020,49,49,925.09,45329.41,Complete
SO,000350,1,PROD0049,26,26,233.43,6069.18,Complete
SO,000350,2,PROD0068,21,21,582.64,12235.44,Complete
SO,000350,3,PROD0059,35,35,839.19,29371.65,Complete
SO,000350,4,PROD0022,25,25,413.99,10349.75,Complete
SO,000351,1,PROD0050,50,50,685.14,34257.0,Complete
SO,000351,2,PROD0024,3,3,243.91,731.73,Complete
SO,000351,3,PROD0149,10,10,260.6,2606.0,Complete
SO,000352,1,PROD0138,9,9,818.63,7367.67,Complete
SO,000353,1,PROD0083,42,42,457.19,19201.98,Complete
SO,000354,1,PROD0029,7,7,349.7,2447.9,Complete
SO,000354,2,PROD0096,48,48,787.32,37791.36,Complete
SO,000354,3,PROD0015,5,5,588.05,2940.25,Complete
SO,000355,1,PROD0103,3,0,975.39,2926.17,Cancelled
SO,000356,1,PROD0075,26,0,528.39,13738.14,Cancelled
SO,000356,2,PROD0067,2,0,477.77,955.54,Cancelled
SO,000356,3,PROD0045,21,0,14.76,309.96,Cancelled
SO,000356,4,PROD0008,35,0,732.12,25624.2,Cancelled
SO,000356,5,PROD0125,3,0,27.31,81.93,Cancelled
SO,000357,1,PROD0021,8,8,387.18,3097.44,Complete
SO,000357,2,PROD0094,4,4,279.93,1119.72,Complete
SO,000357,3,PROD0052,39,39,607.53,23693.67,Complete
SO,000357,4,PROD0105,29,29,737.99,21401.71,Complete
SO,000357,5,PROD0011,41,41,113.83,4667.03,Complete
SO,000358,1,PROD0150,15,15,24.79,371.85,Complete
SO,000359,1,PROD0045,4,4,14.76,59.04,Complete
SO,000360,1,PROD0059,26,0,839.19,21818.94,Cancelled
SO,000360,2,PROD0145,33,0,313.21,10335.93,Cancelled
SO,000361,1,PROD0109,42,42,39.5,1659.0,Complete
SO,000361,2,PROD0116,3,3,177.76,533.28,Complete
SO,000361,3,PROD0043,29,29,44.75,1297.75,Complete
SO,000361,4,PROD0080,29,29,539.45,15644.05,Complete
SO,000361,5,PROD0019,50,50,308.52,15426.0,Complete
SO,000362,1,PROD0106,15,15,834.68,12520.2,Complete
SO,000362,2,PROD0090,11,11,625.57,6881.27,Complete
SO,000362,3,PROD0071,41,41,1073.21,44001.61,Complete
SO,000363,1,PROD0033,33,33,187.99,6203.67,Complete
SO,000363,2,PROD0141,11,11,825.78,9083.58,Complete
SO,000363,3,PROD0081,13,13,790.13,10271.69,Complete
SO,000363,4,PROD0007,10,10,248.16,2481.6,Complete
SO,000364,1,PROD0067,8,8,477.77,3822.16,Complete
SO,000364,2,PROD0141,11,11,825.78,9083.58,Complete
SO,000364,3,PROD0043,11,11,44.75,492.25,Complete
SO,000364,4,PROD0108,38,38,462.28,17566.64,Complete
SO,000365,1,PROD0020,28,28,925.09,25902.52,Complete
SO,000365,2,PROD0058,5,5,538.92,2694.6,Complete
SO,000365,3,PROD0115,11,11,13.17,144.87,Complete
SO,000365,4,PROD0009,40,40,20.71,828.4,Complete
SO,000366,1,PROD0108,11,0,462.28,5085.08,Cancelled
SO,000366,2,PROD0062,9,0,242.09,2178.81,Cancelled
SO,000366,3,PROD0094,21,0,279.93,5878.53,Cancelled
SO,000366,4,PROD0147,7,0,809.7,5667.9,Cancelled
SO,000367,1,PROD0127,45,45,421.9,18985.5,Complete
SO,000368,1,PROD0124,26,26,112.97,2937.22,Complete
SO,000369,1,PROD0129,12,12,377.3,4527.6,Complete
SO,000370,1,PROD0123,5,5,782.18,3910.9,Complete
SO,000370,2,PROD0042,45,45,490.49,22072.05,Complete
SO,000370,3,PROD0097,40,40,307.87,12314.8,Complete
SO,000370,4,PROD0117,19,19,224.96,4274.24,Complete
SO,000370,5,PROD0120,45,45,124.85,5618.25,Complete
SO,000371,1,PROD0101,48,0,414.33,19887.84,Cancelled
SO,000371,2,PROD0104,39,0,157.23,6131.97,Cancelled
SO,000371,3,PROD0142,31,0,371.83,11526.73,Cancelled
SO,000371,4,PROD0026,26,0,252.68,6569.68,Cancelled
SO,000372,1,PROD0025,42,42,201.25,8452.5,Complete
SO,000372,2,PROD0002,26,26,969.84,25215.84,Complete
SO,000373,1,PROD0038,50,50,466.02,23301.0,Complete
SO,000373,2,PROD0130,35,35,272.41,9534.35,Complete
SO,000374,1,PROD0069,4,4,550.47,2201.88,Complete
SO,000374,2,PROD0086,40,40,261.04,10441.6,Complete
SO,000374,3,PROD0013,37,37,743.44,27507.28,Complete
SO,000375,1,PROD0057,2,0,299.94,599.88,Cancelled
SO,000375,2,PROD0077,35,0,290.82,10178.7,Cancelled
SO,000376,1,PROD0039,3,0,643.21,1929.63,Cancelled
SO,000376,2,PROD0074,46,0,407.43,18741.78,Cancelled
SO,000376,3,PROD0121,27,0,611.07,16498.89,Cancelled
SO,000377,1,PROD0016,31,31,500.65,15520.15,Complete
SO,000377,2,PROD0082,13,13,708.51,9210.63,Complete
SO,000377,3,PROD0068,17,17,582.64,9904.88,Complete
SO,000377,4,PROD0022,22,22,413.99,9107.78,Complete
SO,000377,5,PROD0111,37,37,276.72,10238.64,Complete
SO,000378,1,PROD0147,3,3,809.7,2429.1,Complete
SO,000378,2,PROD0129,15,15,377.3,5659.5,Complete
SO,000379,1,PROD0100,4,4,57.93,231.72,Complete
SO,000379,2,PROD0046,23,23,322.6,7419.8,Complete
SO,000380,1,PROD0144,48,48,1025.18,49208.64,Complete
SO,000380,2,PROD0129,8,8,377.3,3018.4,Complete
SO,000380,3,PROD0085,13,13,1122.47,14592.11,Complete
SO,000380,4,PROD0146,40,40,295.21,11808.4,Complete
SO,000380,5,PROD0007,24,24,248.16,5955.84,Complete
SO,000381,1,PROD0064,16,16,536.5,8584.0,Complete
SO,000381,2,PROD0103,36,36,975.39,35114.04,Complete
SO,000381,3,PROD0032,10,10,553.09,5530.9,Complete
SO,000381,4,PROD0016,26,26,500.65,13016.9,Complete
SO,000381,5,PROD0134,4,4,31.21,124.84,Complete
SO,000382,1,PROD0142,28,28,371.83,10411.24,Complete
SO,000382,2,PROD0008,43,43,732.12,31481.16,Complete
SO,000382,3,PROD0104,12,12,157.23,1886.76,Complete
SO,000382,4,PROD0031,20,20,771.6,15432.0,Complete
SO,000383,1,PROD0098,6,6,441.85,2651.1,Complete
SO,000383,2,PROD0138,35,35,818.63,28652.05,Complete
SO,000383,3,PROD0007,50,50,248.16,12408.0,Complete
SO,000383,4,PROD0025,23,23,201.25,4628.75,Complete
SO,000383,5,PROD0048,23,23,542.47,12476.81,Complete
SO,000384,1,PROD0110,2,2,424.15,848.3,Complete
SO,000384,2,PROD0090,47,47,625.57,29401.79,Complete
SO,000385,1,PROD0086,9,9,261.04,2349.36,Complete
SO,000385,2,PROD0042,3,3,490.49,1471.47,Complete
SO,000385,3,PROD0063,14,14,634.93,8889.02,Complete
SO,000385,4,PROD0041,31,31,657.99,20397.69,Complete
SO,000386,1,PROD0077,41,41,290.82,11923.62,Complete
SO,000386,2,PROD0019,42,42,308.52,12957.84,Complete
SO,000386,3,PROD0107,16,16,568.83,9101.28,Complete
SO,000386,4,PROD0069,45,45,550.47,24771.15,Complete
SO,000387,1,PROD0125,28,28,27.31,764.68,Complete
SO,000387,2,PROD0118,4,4,13.0,52.0,Complete
SO,000387,3,PROD0114,48,48,808.26,38796.48,Complete
SO,000387,4,PROD0073,2,2,134.24,268.48,Complete
SO,000388,1,PROD0144,8,8,1025.18,8201.44,Complete
SO,000389,1,PROD0023,2,2,247.17,494.34,Complete
SO,000389,2,PROD0028,33,33,516.03,17028.99,Complete
SO,000389,3,PROD0107,29,29,568.83,16496.07,Complete
SO,000389,4,PROD0092,43,43,158.31,6807.33,Complete
SO,000389,5,PROD0025,25,25,201.25,5031.25,Complete
SO,000390,1,PROD0057,2,2,299.94,599.88,Complete
SO,000391,1,PROD0014,29,29,252.21,7314.09,Complete
SO,000391,2,PROD0118,28,28,13.0,364.0,Complete
SO,000391,3,PROD0029,24,24,349.7,8392.8,Complete
SO,000391,4,PROD0147,47,47,809.7,38055.9,Complete
SO,000392,1,PROD0070,13,13,415.85,5406.05,Complete
SO,000392,2,PROD0056,50,50,625.02,31251.0,Complete
SO,000392,3,PROD0031,19,19,771.6,14660.4,Complete
SO,000392,4,PROD0107,36,36,568.83,20477.88,Complete
SO,000393,1,PROD0142,26,26,371.83,9667.58,Complete
SO,000393,2,PROD0097,45,45,307.87,13854.15,Complete
SO,000393,3,PROD0045,36,36,14.76,531.36,Complete
SO,000393,4,PROD0104,11,11,157.23,1729.53,Complete
SO,000393,5,PROD0116,28,28,177.76,4977.28,Complete
SO,000394,1,PROD0004,15,0,300.85,4512.75,Cancelled
SO,000395,1,PROD0148,29,29,224.77,6518.33,Complete
SO,000396,1,PROD0138,29,29,818.63,23740.27,Complete
SO,000397,1,PROD0142,13,13,371.83,4833.79,Complete
SO,000398,1,PROD0126,32,32,453.55,14513.6,Complete
SO,000398,2,PROD0011,48,48,113.83,5463.84,Complete
SO,000398,3,PROD0016,33,33,500.65,16521.45,Complete
SO,000398,4,PROD0012,45,45,610.72,27482.4,Complete
SO,000399,1,PROD0013,35,35,743.44,26020.4,Complete
SO,000399,2,PROD0068,20,20,582.64,11652.8,Complete
SO,000399,3,PROD0061,43,43,436.02,18748.86,Complete
SO,000399,4,PROD0099,44,44,1018.85,44829.4,Complete
SO,000400,1,PROD0051,7,7,554.73,3883.11,Complete
SO,000400,2,PROD0107,28,28,568.83,15927.24,Complete
SO,000400,3,PROD0052,15,15,607.53,9112.95,Complete
SO,000401,1,PROD0110,47,0,424.15,19935.05,Cancelled
SO,000402,1,PROD0031,15,15,771.6,11574.0,Complete
SO,000402,2,PROD0013,39,39,743.44,28994.16,Complete
SO,000402,3,PROD0068,28,28,582.64,16313.92,Complete
SO,000402,4,PROD0057,47,47,299.94,14097.18,Complete
SO,000403,1,PROD0033,45,45,187.99,8459.55,Complete
SO,000403,2,PROD0053,49,49,632.95,31014.55,Complete
SO,000403,3,PROD0095,26,26,959.62,24950.12,Complete
SO,000403,4,PROD0137,23,23,592.35,13624.05,Complete
SO,000403,5,PROD0030,24,24,998.86,23972.64,Complete
SO,000404,1,PROD0071,10,10,1073.21,10732.1,Complete
SO,000404,2,PROD0140,14,14,568.59,7960.26,Complete
SO,000404,3,PROD0081,21,21,790.13,16592.73,Complete
SO,000405,1,PROD0095,14,14,959.62,13434.68,Complete
SO,000405,2,PROD0110,46,46,424.15,19510.9,Complete
SO,000405,3,PROD0086,11,11,261.04,2871.44,Complete
SO,000405,4,PROD0065,17,17,576.87,9806.79,Complete
SO,000405,5,PROD0085,5,5,1122.47,5612.35,Complete
SO,000406,1,PROD0123,32,32,782.18,25029.76,Complete
SO,000406,2,PROD0106,44,44,834.68,36725.92,Complete
SO,000407,1,PROD0148,43,0,224.77,9665.11,Cancelled
SO,000408,1,PROD0138,41,41,818.63,33563.83,Complete
SO,000409,1,PROD0067,35,35,477.77,16721.95,Complete
SO,000409,2,PROD0006,22,22,995.1,21892.2,Complete
SO,000409,3,PROD0075,48,48,528.39,25362.72,Complete
SO,000410,1,PROD0039,4,0,643.21,2572.84,Cancelled
SO,000410,2,PROD0036,41,0,127.05,5209.05,Cancelled
SO,000411,1,PROD0013,43,43,743.44,31967.92,Complete
SO,000411,2,PROD0145,27,27,313.21,8456.67,Complete
SO,000412,1,PROD0117,19,0,224.96,4274.24,Cancelled
SO,000412,2,PROD0034,38,0,726.57,27609.66,Cancelled
SO,000412,3,PROD0120,20,0,124.85,2497.0,Cancelled
SO,000412,4,PROD0016,11,0,500.65,5507.15,Cancelled
SO,000412,5,PROD0128,42,0,338.79,14229.18,Cancelled
SO,000413,1,PROD0105,6,6,737.99,4427.94,Complete
SO,000413,2,PROD0109,13,13,39.5,513.5,Complete
SO,000414,1,PROD0144,37,37,1025.18,37931.66,Complete
SO,000414,2,PROD0139,22,22,193.44,4255.68,Complete
SO,000414,3,PROD0123,1,1,782.18,782.18,Complete
SO,000414,4,PROD0059,20,20,839.19,16783.8,Complete
SO,000414,5,PROD0128,46,46,338.79,15584.34,Complete
SO,000415,1,PROD0081,5,5,790.13,3950.65,Complete
SO,000415,2,PROD0059,7,7,839.19,5874.33,Complete
SO,000415,3,PROD0126,47,47,453.55,21316.85,Complete
SO,000415,4,PROD0122,1,1,1079.44,1079.44,Complete
SO,000416,1,PROD0113,23,23,423.21,9733.83,Complete
SO,000416,2,PROD0037,14,14,1012.52,14175.28,Complete
SO,000417,1,PROD0077,37,37,290.82,10760.34,Complete
SO,000417,2,PROD0086,9,9,261.04,2349.36,Complete
SO,000417,3,PROD0051,39,39,554.73,21634.47,Complete
SO,000418,1,PROD0086,35,0,261.04,9136.4,Cancelled
SO,000419,1,PROD0030,43,0,998.86,42950.98,Cancelled
SO,000419,2,PROD0107,18,0,568.83,10238.94,Cancelled
SO,000419,3,PROD0075,2,0,528.39,1056.78,Cancelled
SO,000419,4,PROD0048,32,0,542.47,17359.04,Cancelled
SO,000419,5,PROD0133,21,0,800.57,16811.97,Cancelled
SO,000420,1,PROD0009,27,27,20.71,559.17,Complete
SO,000420,2,PROD0134,6,6,31.21,187.26,Complete
SO,000421,1,PROD0127,24,24,421.9,10125.6,Complete
SO,000421,2,PROD0133,25,25,800.57,20014.25,Complete
SO,000422,1,PROD0145,14,14,313.21,4384.94,Complete
SO,000422,2,PROD0142,18,18,371.83,6692.94,Complete
SO,000423,1,PROD0147,21,21,809.7,17003.7,Complete
SO,000423,2,PROD0017,10,10,1132.81,11328.1,Complete
SO,000423,3,PROD0145,48,48,313.21,15034.08,Complete
SO,000423,4,PROD0136,28,28,73.64,2061.92,Complete
SO,000424,1,PROD0114,11,11,808.26,8890.86,Complete
SO,000424,2,PROD0138,43,43,818.63,35201.09,Complete
SO,000425,1,PROD0022,35,35,413.99,14489.65,Complete
SO,000426,1,PROD0110,23,23,424.15,9755.45,Complete
SO,000426,2,PROD0013,43,43,743.44,31967.92,Complete
SO,000426,3,PROD0001,44,44,679.21,29885.24,Complete
SO,000427,1,PROD0076,15,15,383.86,5757.9,Complete
SO,000427,2,PROD0099,34,34,1018.85,34640.9,Complete
SO,000428,1,PROD0070,50,0,415.85,20792.5,Cancelled
SO,000428,2,PROD0058,47,0,538.92,25329.24,Cancelled
SO,000429,1,PROD0131,4,4,512.27,2049.08,Complete
SO,000429,2,PROD0090,39,39,625.57,24397.23,Complete
SO,000429,3,PROD0037,35,35,1012.52,35438.2,Complete
SO,000429,4,PROD0086,38,38,261.04,9919.52,Complete
SO,000429,5,PROD0026,46,46,252.68,11623.28,Complete
SO,000430,1,PROD0120,6,6,124.85,749.1,Complete
SO,000430,2,PROD0131,5,5,512.27,2561.35,Complete
SO,000431,1,PROD0145,2,0,313.21,626.42,Cancelled
SO,000431,2,PROD0135,43,0,805.95,34655.85,Cancelled
SO,000431,3,PROD0065,25,0,576.87,14421.75,Cancelled
SO,000431,4,PROD0143,18,0,536.07,9649.26,Cancelled
SO,000431,5,PROD0014,22,0,252.21,5548.62,Cancelled
SO,000432,1,PROD0058,27,0,538.92,14550.84,Cancelled
SO,000432,2,PROD0022,4,0,413.99,1655.96,Cancelled
SO,000432,3,PROD0050,18,0,685.14,12332.52,Cancelled
SO,000432,4,PROD0136,33,0,73.64,2430.12,Cancelled
SO,000433,1,PROD0113,6,6,423.21,2539.26,Complete
SO,000433,2,PROD0085,20,20,1122.47,22449.4,Complete
SO,000433,3,PROD0145,26,26,313.21,8143.46,Complete
SO,000433,4,PROD0122,49,49,1079.44,52892.56,Complete
SO,000434,1,PROD0045,34,0,14.76,501.84,Cancelled
SO,000434,2,PROD0049,49,0,233.43,11438.07,Cancelled
SO,000435,1,PROD0014,3,3,252.21,756.63,Complete
SO,000435,2,PROD0038,31,31,466.02,14446.62,Complete
SO,000435,3,PROD0093,4,4,696.91,2787.64,Complete
SO,000436,1,PROD0092,47,0,158.31,7440.57,Cancelled
SO,000436,2,PROD0055,21,0,537.86,11295.06,Cancelled
SO,000436,3,PROD0099,4,0,1018.85,4075.4,Cancelled
SO,000436,4,PROD0105,22,0,737.99,16235.78,Cancelled
SO,000437,1,PROD0081,48,48,790.13,37926.24,Complete
SO,000437,2,PROD0092,38,38,158.31,6015.78,Complete
SO,000437,3,PROD0050,17,17,685.14,11647.38,Complete
SO,000438,1,PROD0074,35,0,407.43,14260.05,Cancelled
SO,000438,2,PROD0019,47,0,308.52,14500.44,Cancelled
SO,000438,3,PROD0091,46,0,201.4,9264.4,Cancelled
SO,000438,4,PROD0063,24,0,634.93,15238.32,Cancelled
SO,000439,1,PROD0006,26,26,995.1,25872.6,Complete
SO,000439,2,PROD0046,2,2,322.6,645.2,Complete
SO,000440,1,PROD0087,22,22,467.36,10281.92,Complete
SO,000440,2,PROD0020,16,16,925.09,14801.44,Complete
SO,000441,1,PROD0099,8,8,1018.85,8150.8,Complete
SO,000441,2,PROD0098,45,45,441.85,19883.25,Complete
SO,000442,1,PROD0042,16,16,490.49,7847.84,Complete
SO,000442,2,PROD0119,11,11,915.81,10073.91,Complete
SO,000442,3,PROD0069,12,12,550.47,6605.64,Complete
SO,000443,1,PROD0135,5,5,805.95,4029.75,Complete
SO,000443,2,PROD0108,11,11,462.28,5085.08,Complete
SO,000443,3,PROD0043,23,23,44.75,1029.25,Complete
SO,000444,1,PROD0030,15,15,998.86,14982.9,Complete
SO,000444,2,PROD0132,18,18,565.62,10181.16,Complete
SO,000445,1,PROD0087,36,36,467.36,16824.96,Complete
SO,000445,2,PROD0045,2,2,14.76,29.52,Complete
SO,000445,3,PROD0112,36,36,27.56,992.16,Complete
SO,000445,4,PROD0014,23,23,252.21,5800.83,Complete
SO,000446,1,PROD0084,13,13,541.21,7035.73,Complete
SO,000446,2,PROD0013,8,8,743.44,5947.52,Complete
SO,000446,3,PROD0101,8,8,414.33,3314.64,Complete
SO,000446,4,PROD0111,41,41,276.72,11345.52,Complete
SO,000447,1,PROD0027,34,34,313.91,10672.94,Complete
SO,000447,2,PROD0108,22,22,462.28,10170.16,Complete
SO,000447,3,PROD0043,48,48,44.75,2148.0,Complete
SO,000447,4,PROD0082,13,13,708.51,9210.63,Complete
SO,000447,5,PROD0087,47,47,467.36,21965.92,Complete
SO,000448,1,PROD0007,31,31,248.16,7692.96,Complete
SO,000448,2,PROD0105,50,50,737.99,36899.5,Complete
SO,000448,3,PROD0039,31,31,643.21,19939.51,Complete
SO,000449,1,PROD0101,2,2,414.33,828.66,Complete
SO,000449,2,PROD0095,44,44,959.62,42223.28,Complete
SO,000449,3,PROD0084,14,14,541.21,7576.94,Complete
SO,000449,4,PROD0115,32,32,13.17,421.44,Complete
SO,000450,1,PROD0063,20,20,634.93,12698.6,Complete
SO,000450,2,PROD0052,40,40,607.53,24301.2,Complete
SO,000451,1,PROD0080,16,16,539.45,8631.2,Complete
SO,000451,2,PROD0040,1,1,22.67,22.67,Complete
SO,000451,3,PROD0125,17,17,27.31,464.27,Complete
SO,000451,4,PROD0076,36,36,383.86,13818.96,Complete
SO,000451,5,PROD0007,49,49,248.16,12159.84,Complete
SO,000452,1,PROD0015,21,21,588.05,12349.05,Complete
SO,000453,1,PROD0026,36,36,252.68,9096.48,Complete
SO,000453,2,PROD0066,11,11,16.1,177.1,Complete
SO,000454,1,PROD0041,25,25,657.99,16449.75,Complete
SO,000454,2,PROD0114,4,4,808.26,3233.04,Complete
SO,000454,3,PROD0069,27,27,550.47,14862.69,Complete
SO,000455,1,PROD0057,11,0,299.94,3299.34,Cancelled
SO,000456,1,PROD0043,15,15,44.75,671.25,Complete
SO,000456,2,PROD0070,5,5,415.85,2079.25,Complete
SO,000456,3,PROD0048,3,3,542.47,1627.41,Complete
SO,000456,4,PROD0005,49,49,524.88,25719.12,Complete
SO,000457,1,PROD0043,43,43,44.75,1924.25,Complete
SO,000457,2,PROD0020,18,18,925.09,16651.62,Complete
SO,000457,3,PROD0008,6,6,732.12,4392.72,Complete
SO,000458,1,PROD0008,33,33,732.12,24159.96,Complete
SO,000459,1,PROD0054,4,4,1175.01,4700.04,Complete
SO,000459,2,PROD0109,4,4,39.5,158.0,Complete
SO,000460,1,PROD0125,32,0,27.31,873.92,Cancelled
SO,000460,2,PROD0052,15,0,607.53,9112.95,Cancelled
SO,000461,1,PROD0051,48,48,554.73,26627.04,Complete
SO,000461,2,PROD0140,10,10,568.59,5685.9,Complete
SO,000461,3,PROD0107,5,5,568.83,2844.15,Complete
SO,000461,4,PROD0117,3,3,224.96,674.88,Complete
SO,000461,5,PROD0094,9,9,279.93,2519.37,Complete
SO,000462,1,PROD0072,47,0,238.49,11209.03,Cancelled
SO,000462,2,PROD0077,15,0,290.82,4362.3,Cancelled
SO,000462,3,PROD0001,22,0,679.21,14942.62,Cancelled
SO,000462,4,PROD0018,44,0,554.02,24376.88,Cancelled
SO,000463,1,PROD0097,23,23,307.87,7081.01,Complete
SO,000464,1,PROD0082,29,29,708.51,20546.79,Complete
SO,000464,2,PROD0033,2,2,187.99,375.98,Complete
SO,000464,3,PROD0097,23,23,307.87,7081.01,Complete
SO,000465,1,PROD0007,45,45,248.16,11167.2,Complete
SO,000465,2,PROD0092,46,46,158.31,7282.26,Complete
SO,000465,3,PROD0024,43,43,243.91,10488.13,Complete
SO,000466,1,PROD0068,1,1,582.64,582.64,Complete
SO,000466,2,PROD0041,15,15,657.99,9869.85,Complete
SO,000466,3,PROD0138,17,17,818.63,13916.71,Complete
SO,000467,1,PROD0066,12,12,16.1,193.2,Complete
SO,000468,1,PROD0076,29,29,383.86,11131.94,Complete
SO,000469,1,PROD0106,5,0,834.68,4173.4,Cancelled
SO,000469,2,PROD0016,30,0,500.65,15019.5,Cancelled
SO,000469,3,PROD0090,41,0,625.57,25648.37,Cancelled
SO,000469,4,PROD0010,3,0,269.5,808.5,Cancelled
SO,000469,5,PROD0103,7,0,975.39,6827.73,Cancelled
SO,000470,1,PROD0140,31,0,568.59,17626.29,Cancelled
SO,000471,1,PROD0066,22,22,16.1,354.2,Complete
SO,000471,2,PROD0115,7,7,13.17,92.19,Complete
SO,000471,3,PROD0022,6,6,413.99,2483.94,Complete
SO,000471,4,PROD0129,50,50,377.3,18865.0,Complete
SO,000471,5,PROD0118,28,28,13.0,364.0,Complete
SO,000472,1,PROD0089,43,43,835.55,35928.65,Complete
SO,000472,2,PROD0149,33,33,260.6,8599.8,Complete
SO,000473,1,PROD0106,5,0,834.68,4173.4,Cancelled
SO,000473,2,PROD0128,9,0,338.79,3049.11,Cancelled
SO,000473,3,PROD0016,43,0,500.65,21527.95,Cancelled
SO,000473,4,PROD0017,21,0,1132.81,23789.01,Cancelled
SO,000473,5,PROD0042,32,0,490.49,15695.68,Cancelled
SO,000474,1,PROD0039,46,46,643.21,29587.66,Complete
SO,000474,2,PROD0025,48,48,201.25,9660.0,Complete
SO,000474,3,PROD0035,20,20,347.66,6953.2,Complete
SO,000474,4,PROD0095,14,14,959.62,13434.68,Complete
SO,000474,5,PROD0133,19,19,800.57,15210.83,Complete
SO,000475,1,PROD0006,4,4,995.1,3980.4,Complete
SO,000475,2,PROD0057,42,42,299.94,12597.48,Complete
SO,000475,3,PROD0047,44,44,292.64,12876.16,Complete
SO,000475,4,PROD0095,13,13,959.62,12475.06,Complete
SO,000475,5,PROD0082,50,50,708.51,35425.5,Complete
SO,000476,1,PROD0053,30,30,632.95,18988.5,Complete
SO,000476,2,PROD0024,2,2,243.91,487.82,Complete
SO,000476,3,PROD0067,41,41,477.77,19588.57,Complete
SO,000477,1,PROD0049,40,40,233.43,9337.2,Complete
SO,000477,2,PROD0033,26,26,187.99,4887.74,Complete
SO,000478,1,PROD0089,39,39,835.55,32586.45,Complete
SO,000478,2,PROD0106,28,28,834.68,23371.04,Complete
SO,000478,3,PROD0095,4,4,959.62,3838.48,Complete
SO,000479,1,PROD0010,18,18,269.5,4851.0,Complete
SO,000479,2,PROD0017,3,3,1132.81,3398.43,Complete
SO,000479,3,PROD0131,15,15,512.27,7684.05,Complete
SO,000480,1,PROD0030,34,34,998.86,33961.24,Complete
SO,000480,2,PROD0037,33,33,1012.52,33413.16,Complete
SO,000480,3,PROD0022,48,48,413.99,19871.52,Complete
SO,000480,4,PROD0057,23,23,299.94,6898.62,Complete
SO,000481,1,PROD0073,22,22,134.24,2953.28,Complete
SO,000482,1,PROD0060,49,49,72.36,3545.64,Complete
SO,000482,2,PROD0036,28,28,127.05,3557.4,Complete
SO,000482,3,PROD0137,9,9,592.35,5331.15,Complete
SO,000483,1,PROD0022,9,9,413.99,3725.91,Complete
SO,000483,2,PROD0109,31,31,39.5,1224.5,Complete
SO,000483,3,PROD0143,26,26,536.07,13937.82,Complete
SO,000483,4,PROD0082,18,18,708.51,12753.18,Complete
SO,000483,5,PROD0104,50,50,157.23,7861.5,Complete
SO,000484,1,PROD0103,39,39,975.39,38040.21,Complete
SO,000484,2,PROD0019,1,1,308.52,308.52,Complete
SO,000484,3,PROD0015,46,46,588.05,27050.3,Complete
SO,000485,1,PROD0048,46,46,542.47,24953.62,Complete
SO,000486,1,PROD0140,21,21,568.59,11940.39,Complete
SO,000486,2,PROD0035,9,9,347.66,3128.94,Complete
SO,000486,3,PROD0059,44,44,839.19,36924.36,Complete
SO,000487,1,PROD0019,28,28,308.52,8638.56,Complete
SO,000487,2,PROD0122,29,29,1079.44,31303.76,Complete
SO,000488,1,PROD0013,35,35,743.44,26020.4,Complete
SO,000488,2,PROD0037,50,50,1012.52,50626.0,Complete
SO,000488,3,PROD0034,36,36,726.57,26156.52,Complete
SO,000489,1,PROD0105,26,26,737.99,19187.74,Complete
SO,000489,2,PROD0101,12,12,414.33,4971.96,Complete
SO,000490,1,PROD0116,28,28,177.76,4977.28,Complete
SO,000490,2,PROD0099,35,35,1018.85,35659.75,Complete
SO,000490,3,PROD0123,20,20,782.18,15643.6,Complete
SO,000491,1,PROD0098,10,10,441.85,4418.5,Complete
SO,000491,2,PROD0100,33,33,57.93,1911.69,Complete
SO,000492,1,PROD0007,35,35,248.16,8685.6,Complete
SO,000492,2,PROD0045,26,26,14.76,383.76,Complete
SO,000493,1,PROD0053,35,0,632.95,22153.25,Cancelled
SO,000493,2,PROD0100,10,0,57.93,579.3,Cancelled
SO,000494,1,PROD0145,22,22,313.21,6890.62,Complete
SO,000495,1,PROD0013,9,0,743.44,6690.96,Cancelled
SO,000495,2,PROD0119,2,0,915.81,1831.62,Cancelled
SO,000495,3,PROD0001,37,0,679.21,25130.77,Cancelled
SO,000496,1,PROD0112,20,20,27.56,551.2,Complete
SO,000496,2,PROD0105,36,36,737.99,26567.64,Complete
SO,000496,3,PROD0055,1,1,537.86,537.86,Complete
SO,000497,1,PROD0116,12,12,177.76,2133.12,Complete
SO,000497,2,PROD0052,23,23,607.53,13973.19,Complete
SO,000497,3,PROD0008,43,43,732.12,31481.16,Complete
SO,000498,1,PROD0041,34,0,657.99,22371.66,Cancelled
SO,000498,2,PROD0096,49,0,787.32,38578.68,Cancelled
SO,000498,3,PROD0050,13,0,685.14,8906.82,Cancelled
SO,000499,1,PROD0112,6,6,27.56,165.36,Complete
SO,000499,2,PROD0054,11,11,1175.01,12925.11,Complete
SO,000499,3,PROD0125,50,50,27.31,1365.5,Complete
SO,000500,1,PROD0038,24,24,466.02,11184.48,Complete
SO,000500,2,PROD0137,47,47,592.35,27840.45,Complete
SO,000501,1,PROD0023,49,49,247.17,12111.33,Complete
SO,000501,2,PROD0104,26,26,157.23,4087.98,Complete
SO,000502,1,PROD0096,49,49,787.32,38578.68,Complete
SO,000502,2,PROD0102,5,5,566.16,2830.8,Complete
SO,000503,1,PROD0012,31,31,610.72,18932.32,Complete
SO,000503,2,PROD0121,18,18,611.07,10999.26,Complete
SO,000503,3,PROD0026,44,44,252.68,11117.92,Complete
SO,000503,4,PROD0102,8,8,566.16,4529.28,Complete
SO,000504,1,PROD0135,40,40,805.95,32238.0,Complete
SO,000504,2,PROD0080,19,19,539.45,10249.55,Complete
SO,000504,3,PROD0036,35,35,127.05,4446.75,Complete
SO,000504,4,PROD0089,50,50,835.55,41777.5,Complete
SO,000504,5,PROD0056,35,35,625.02,21875.7,Complete
SO,000505,1,PROD0094,16,15,279.93,4478.88,Partial
SO,000506,1,PROD0052,45,45,607.53,27338.85,Complete
SO,000507,1,PROD0150,45,45,24.79,1115.55,Complete
SO,000507,2,PROD0130,19,19,272.41,5175.79,Complete
SO,000507,3,PROD0083,19,19,457.19,8686.61,Complete
SO,000507,4,PROD0112,20,20,27.56,551.2,Complete
SO,000507,5,PROD0028,8,8,516.03,4128.24,Complete
SO,000508,1,PROD0036,46,46,127.05,5844.3,Complete
SO,000508,2,PROD0138,47,47,818.63,38475.61,Complete
SO,000508,3,PROD0135,20,20,805.95,16119.0,Complete
SO,000508,4,PROD0104,48,48,157.23,7547.04,Complete
SO,000509,1,PROD0143,34,34,536.07,18226.38,Complete
SO,000509,2,PROD0024,48,48,243.91,11707.68,Complete
SO,000510,1,PROD0080,6,6,539.45,3236.7,Complete
SO,000510,2,PROD0036,45,45,127.05,5717.25,Complete
SO,000510,3,PROD0062,38,38,242.09,9199.42,Complete
SO,000511,1,PROD0138,10,10,818.63,8186.3,Complete
SO,000511,2,PROD0125,34,34,27.31,928.54,Complete
SO,000511,3,PROD0147,41,41,809.7,33197.7,Complete
SO,000512,1,PROD0098,14,8,441.85,6185.9,Partial
SO,000512,2,PROD0065,37,2,576.87,21344.19,Partial
SO,000512,3,PROD0013,43,35,743.44,31967.92,Partial
SO,000512,4,PROD0100,7,4,57.93,405.51,Partial
SO,000512,5,PROD0011,39,16,113.83,4439.37,Partial
SO,000513,1,PROD0035,3,3,347.66,1042.98,Complete
SO,000513,2,PROD0128,20,20,338.79,6775.8,Complete
SO,000514,1,PROD0036,36,36,127.05,4573.8,Complete
SO,000514,2,PROD0101,12,12,414.33,4971.96,Complete
SO,000515,1,PROD0056,36,0,625.02,22500.72,Pending
SO,000516,1,PROD0122,23,3,1079.44,24827.12,Partial
SO,000517,1,PROD0048,28,14,542.47,15189.16,Partial
SO,000517,2,PROD0121,8,7,611.07,4888.56,Partial
SO,000517,3,PROD0028,38,27,516.03,19609.14,Partial
SO,000517,4,PROD0006,17,6,995.1,16916.7,Partial
SO,000517,5,PROD0060,31,21,72.36,2243.16,Partial
SO,000518,1,PROD0107,42,42,568.83,23890.86,Complete
SO,000519,1,PROD0016,4,0,500.65,2002.6,Pending
SO,000519,2,PROD0041,19,1,657.99,12501.81,Partial
SO,000519,3,PROD0012,39,27,610.72,23818.08,Partial
SO,000519,4,PROD0133,46,37,800.57,36826.22,Partial
SO,000520,1,PROD0136,47,14,73.64,3461.08,Partial
SO,000520,2,PROD0139,50,10,193.44,9672.0,Partial
SO,000520,3,PROD0141,11,8,825.78,9083.58,Partial
SO,000520,4,PROD0024,12,12,243.91,2926.92,Partial
SO,000521,1,PROD0139,20,20,193.44,3868.8,Complete
SO,000521,2,PROD0031,47,47,771.6,36265.2,Complete
SO,000521,3,PROD0079,10,10,694.16,6941.6,Complete
SO,000521,4,PROD0122,35,35,1079.44,37780.4,Complete
SO,000521,5,PROD0001,27,27,679.21,18338.67,Complete
SO,000522,1,PROD0098,47,47,441.85,20766.95,Complete
SO,000523,1,PROD0095,49,0,959.62,47021.38,Pending
SO,000523,2,PROD0065,2,0,576.87,1153.74,Pending
SO,000524,1,PROD0046,5,0,322.6,1613.0,Pending
SO,000525,1,PROD0100,30,0,57.93,1737.9,Pending
SO,000525,2,PROD0014,44,0,252.21,11097.24,Pending
SO,000526,1,PROD0105,32,0,737.99,23615.68,Pending
SO,000526,2,PROD0119,28,0,915.81,25642.68,Pending
SO,000527,1,PROD0005,18,0,524.88,9447.84,Pending
SO,000527,2,PROD0084,9,0,541.21,4870.89,Pending
SO,000528,1,PROD0085,25,0,1122.47,28061.75,Pending
SO,000528,2,PROD0104,24,0,157.23,3773.52,Pending
SO,000528,3,PROD0033,37,0,187.99,6955.63,Pending
SO,000528,4,PROD0049,45,0,233.43,10504.35,Pending
SO,000529,1,PROD0001,9,0,679.21,6112.89,Pending
SO,000529,2,PROD0020,50,0,925.09,46254.5,Pending
SO,000529,3,PROD0080,33,0,539.45,17801.85,Pending
SO,000530,1,PROD0033,34,0,187.99,6391.66,Pending
SO,000530,2,PROD0003,41,0,744.36,30518.76,Pending
SO,000530,3,PROD0135,26,0,805.95,20954.7,Pending
SO,000530,4,PROD0124,7,0,112.97,790.79,Pending
